Workbook

Sheet README
A1: OT Historian — Asset Metadata Model
A2: Single source of truth for Line → Machine → Station → Parameter hierarchy
A4: STRUCTURE (normalized — four linked tables):
A5: Lines one row per production line
A6: Machines one row per machine (LineID links to Lines)
A7: Stations one row per station (MachineID links to Machines)
A8: Parameters one row per tag/sensor (StationID links to Stations)
A10: COLOUR KEY:
A11: Orange cell = Primary Key (the ID for that table — keep unique)
A12: Blue cell = Foreign Key (must match an ID in the parent table)
A13: Green cell = Calculated (do not type over — it is a formula)
A15: HOW TO USE:
... A25: • Sample rows are illustrative — replace with your real assets.

Sheet Lines
A1: LineID | B1: LineName | C1: Site | D1: Area | E1: Description | F1: OEM_Manufacturer | G1: Install_Date | H1: Maintenance_Window | I1: Status | J1: SME | K1: Controls | L1: Legeacy Data Analytics Solutions
A2: NGP2 | B2: NGP2 Packaging Line 1 | C2: Ballina | D2: Continence | E2: High-speed packaging line | F2: Bosch Rexroth | G2: 2021-03-15 | H2: CMMS TBC | I2: Active
A3: HU3 | B3: HU3 Assembly Line | C3: Ballina | D3: Ostomy | E3: Primary assembly line | F3: Siemens | G3: 2020-09-01 | H3: CMMS TBC | I3: Active
A4: P17 | B4: Kaunas P17 Line | C4: Kaunas | D4: Ostomy | E4: Forming and pouching line | F4: Krones | G4: 2022-06-10 | H4: CMMS TBC | I4: Active
A5: VCL6 | B5: Ballina VCL6 Line | C5: Ballina | D5: Continence | E5: Catheter coating machine | F5: B&R | G5: 2019-11-20 | H5: CMMS TBC | I5: Active
A6: BFX | C6: Ballina | D6: Ostomy | I6: Active | J6: Stephen Gallagher | K6: Damien Kelly, Padraig O'Malley, Moiz Rehman
A7: BIM 03 | C7: Ballina | D7: Ostomy | I7: Active | J7: Stephen Gallagher | K7: Damien Kelly, Padraig O'Malley, Moiz Rehman
A8: BIM 08 | C8: Ballina | D8: Ostomy | I8: Active | J8: Stephen Gallagher | K8: Damien Kelly, Padraig O'Malley, Moiz Rehman
A9: BIM 12 | C9: Ballina | D9: Ostomy | I9: Active | J9: Stephen Gallagher | K9: Damien Kelly, Padraig O'Malley, Moiz Rehman
A10: HU2 | C10: Ballina | D10: Ostomy | I10: Active | J10: Roy Sheridan | K10: Damien Kelly, Padraig O'Malley, Moiz Rehman
A11: HU3 | C11: Ballina | D11: Ostomy | I11: Active | J11: Roy Sheridan | K11: Damien Kelly, Padraig O'Malley, Moiz Rehman
A12: Extruder 2 | C12: Ballina | D12: Ostomy | I12: Active | J12: Conor Toughey | K12: Damien Kelly, Padraig O'Malley, Moiz Rehman
A13: Extruder 3 | C13: Ballina | D13: Ostomy | I13: Active | J13: Conor Toughey | K13: Damien Kelly, Padraig O'Malley, Moiz Rehman
A14: 1AC3 | B14: 1AC3 Auto Coiner | C14: Ballina | D14: Ostomy | E14: Barrier applicator cell (bag & insert/drumhead recipes) | F14: Unknown | G14: Manual version markings only: GMI-00044 v1.0 (1PC Auto Coiner - bag/pouch recipe) and GMI-00006 v12.0 (Autocoiner - general/insert-drumhead recipe); no equipment install date stated. | I14: Active | J14: Ollie Lynn | K14: Damien Kelly, Padraig O'Malley, Moiz Rehman
A15: 1AC4 | C15: Ballina | D15: Ostomy | I15: Active | J15: Ollie Lynn | K15: Damien Kelly, Padraig O'Malley, Moiz Rehman
A16: 1AC5 | C16: Ballina | D16: Ostomy | I16: Active | J16: Ollie Lynn | K16: Damien Kelly, Padraig O'Malley, Moiz Rehman
A17: 1AC6 | C17: Ballina | D17: Ostomy | I17: Active | J17: Ollie Lynn | K17: Damien Kelly, Padraig O'Malley, Moiz Rehman
A18: 1AC7 | C18: Ballina | D18: Ostomy | I18: Active | J18: Ollie Lynn | K18: Damien Kelly, Padraig O'Malley, Moiz Rehman
A19: 1AC8 | C19: Ballina | D19: Ostomy | I19: Active | J19: Ollie Lynn | K19: Damien Kelly, Padraig O'Malley, Moiz Rehman
A20: K2 | C20: Ballina | D20: Ostomy | I20: Active | J20: Micheal Reilly | K20: Damien Kelly, Padraig O'Malley, Moiz Rehman
A21: K3 | C21: Ballina | D21: Ostomy | I21: Active | J21: Liam Morris | K21: Damien Kelly, Padraig O'Malley, Moiz Rehman
A22: K9 | B22: K9 | C22: Ballina | D22: Ostomy | E22: Inline ostomy-bag forming, welding & punching cell | F22: KIEFEL GmbH (a member of the Brückner Group), Germany | G22: Manual drawn up 06/10 (June 2010), Rev.: 0 | I22: Active | J22: Colin Tempany | K22: Damien Kelly, Padraig O'Malley, Moiz Rehman
A23: HOS4 | C23: Ballina | D23: Ostomy | I23: Active | J23: Derick Tansey | K23: Damien Kelly, Padraig O'Malley, Moiz Rehman
A24: PS1 | C24: Ballina | D24: Continence | I24: Active | J24: Ben Gallagher | K24: Declan Roarty
A25: PS2 | C25: Ballina | D25: Continence | I25: Active | J25: Ben Gallagher | K25: Declan Roarty
A26: PS3 | C26: Ballina | D26: Continence | I26: Active | J26: Ben Gallagher | K26: Declan Roarty
A27: PS4 | C27: Ballina | D27: Continence | I27: Active | J27: Noel Gilroy (GE) | K27: Declan Roarty
A28: PS5 | C28: Ballina | D28: Continence | I28: Active | J28: Ben Gallagher | K28: Declan Roarty
A29: PS6 | C29: Ballina | D29: Continence | I29: Active | J29: Ben Gallagher | K29: Declan Roarty
A30: PS7 | C30: Ballina | D30: Continence | I30: Active | J30: Ben Gallagher | K30: Declan Roarty
A31: PS8 | C31: Ballina | D31: Continence | I31: Active | J31: Ben Gallagher | K31: Declan Roarty
A32: HOS3 | C32: Ballina | D32: Continence | I32: Active | J32: Ben Gallagher
A33: CSA2 | C33: Ballina | D33: Continence | I33: Active | J33: Ian Morris | K33: Tony Murray
A34: CSA3 | C34: Ballina | D34: Continence | I34: Active | J34: Ian Morris | K34: Tony Murray
A35: ICX 2 | C35: Ballina | D35: Continence | I35: Active | J35: Paul Roughneen
A36: VCL4 | C36: Ballina | D36: Continence | I36: Active | J36: Ian Morris
A37: VCL5 | C37: Ballina | D37: Continence | I37: Active | J37: Tony Murray | K37: Tony Murray
A38: VCL6 | C38: Ballina | D38: Continence | I38: Active | J38: Ian Morris/Paul Roughneen | K38: Declan Roarty
A39: Ulma 2 | C39: Ballina | D39: Continence | I39: Active | J39: Peter Mortimer/ David Egan | K39: Cathal Gorman
A40: CPM4 | C40: Ballina | D40: Continence | I40: Active | J40: Peter Mortimer/ David Egan
A41: PFS2 | C41: Ballina | D41: Continence | I41: Active | J41: Shane Hanley | K41: Cathal Gorman
A42: PFS5 | C42: Ballina | D42: Continence | I42: Active | J42: Shane Hanley | K42: Cathal Gorman
A43: ABF3 | C43: Ballina | D43: Continence | I43: Active | J43: Shane Hanley
A44: HSSW3 | C44: Ballina | D44: Continence | I44: Active | J44: Shane Hanley
A45: NGP1 | C45: Ballina | D45: Continence | I45: Active | J45: Peter Mortimer | K45: Cathal Gorman
A46: NGP2 | C46: Ballina | D46: Continence | I46: Active | J46: Kieran Horan | K46: Cathal Gorman
A47: CAM | C47: Ballina | D47: Continence | I47: Active | J47: Shane Hanley
A48: K5 | D48: Ostomy | I48: Active
A49: K1 | D49: Ostomy | I49: Active
A50: K4 | D50: Ostomy | I50: Active
A51: K7 | D51: Ostomy | I51: Active
A52: P15 | D52: Ostomy | I52: Active
A53: K6 | D53: Ostomy | I53: Active
A54: K8 | D54: Ostomy | I54: Active
A55: K11 | D55: Ostomy | I55: Active
A56: K12 | D56: Ostomy | I56: Active
A57: P17 | D57: Ostomy | I57: Active
A58: HF17 | D58: Ostomy | I58: Active
A59: P18 | D59: Ostomy | I59: Active
... A102: DH10 | D102: Ostomy | I102: Active
A103: HF11 | B103: HF11 | C103: Ballina | D103: Ostomy | E103: Web-fed pouch forming, sealing & punching line | F103: Unknown | G103: Version 14.0 (Document No. 75Cell500227_Att 25) | I103: Active
A104: K10 | B104: K10 | C104: Ballina | D104: Ostomy | E104: Inline ostomy-bag forming, welding & punching cell | F104: KIEFEL GmbH (a member of the Brückner Group), Germany | G104: Manual drawn up 06/10 (June 2010), Rev.: 0 | I104: Active
A105: K13 | B105: K13 | C105: Ballina | D105: Ostomy | E105: Inline ostomy-bag forming, welding & punching cell | F105: KIEFEL | G105: Manual dated 2013-10 (Preventive Maintenance manual, unit nos. 413-050/51/52 - Z277/Z278/C377); no distinct equipment install date stated. | I105: Active
A106: K14 | B106: K14 | C106: Ballina | D106: Ostomy | E106: Inline ostomy-bag forming, welding & punching cell | F106: KIEFEL | G106: Unknown - source manual (2013-10, unit nos. 413-050/51/52) does not document K14 at all; no K14-specific date available. | I106: Active

Sheet Machines
A1: MachineID | B1: MachineName | C1: LineID | D1: Equipment_Type | E1: Serial_Number | F1: Position_In_Line | G1: OEM_Contact | H1: PLC_Make | I1: PLC_Credentials_Status | J1: Status
A2: MC002 | B2: Auto Coiner | C2: 1AC3 | D2: Barrier Forming, Preheat, Punch, Print, Glue & Seal Machine (bag/pouch and insert/drumhead recipes) | E2: Unknown | F2: 1 | G2: Unknown | H2: Unknown | I2: true | J2: Active
A3: MC003 | B3: HF 11 | C3: HF11 | D3: Automated Web-Fed Pouch Forming, Sealing & Punching Line | E3: Unknown | F3: 1 | G3: Unknown | H3: Unknown | I3: true | J3: Active
A4: MC004 | B4: Inline System KIT 70/20 | C4: K9 | D4: Integrated Inline Production/Assembly System (Ostomy Bag Manufacturing Cell) | E4: 413-040 - B 921 | F4: 1 | G4: Unknown | H4: Siemens (IPC477C Pro with MP Touch operator panel) | I4: true | J4: Active
A5: MC005 | B5: Inline System KIT 70/20 | C5: K10 | D5: Integrated Inline Production/Assembly System (Ostomy Bag Manufacturing Cell) | E5: Unknown (K10-specific serial not in shared manual) | F5: 1 | G5: Unknown | H5: Siemens (IPC477C Pro with MP Touch operator panel) | I5: true | J5: Active
A6: MC006 | B6: Inline System KIT 70/20 | C6: K13 | D6: Integrated Inline Production/Assembly System (Ostomy Bag Manufacturing Cell) | E6: 413-052 - C377 (unverified - assigned by list order, see notes) | F6: 1 | G6: Unknown | H6: Siemens (WinCC flexible HMI - per this line's own tag export header; not explicitly stated in this manual's own text) | I6: true | J6: Active
A7: MC007 | B7: Inline System KIT 70/20 | C7: K14 | D7: Integrated Inline Production/Assembly System (Ostomy Bag Manufacturing Cell) | E7: Unknown | F7: 1 | G7: Unknown | H7: Siemens (WinCC flexible HMI - per this line's own tag export header; not explicitly stated in the shared K11-13 manual's own text) | I7: true | J7: Active

Sheet Stations
A1: StationID | B1: StationName | C1: MachineID | D1: Station_Type | E1: ISA95_Level | F1: Status
A2: MC002-BarrierInfeedSystem | B2: Barrier Infeed System | C2: MC002 | D2: Magazine | E2: L2 | F2: Active
A3: MC002-BarrierLoadStation | B3: Barrier Load Station | C3: MC002 | D3: Robot/Pick-and-Place | E3: L2 | F3: Active
A4: MC002-CoronaTreatment | B4: Corona Treatment | C4: MC002 | D4: Surface Treatment | E4: L2 | F4: Active
A5: MC002-MainDial | B5: Main Dial | C5: MC002 | D5: Turret | E5: L2 | F5: Active
A6: MC002-BarrierPreheatStation1 | B6: Barrier Preheat Station 1 | C6: MC002 | D6: Heating | E6: L2 | F6: Active
A7: MC002-BarrierPreheatStation2 | B7: Barrier Preheat Station 2 | C7: MC002 | D7: Heating | E7: L2 | F7: Active
A8: MC002-BarrierFormingStation | B8: Barrier Forming Station | C8: MC002 | D8: Forming | E8: L2 | F8: Active
A9: MC002-BarrierPunchStation | B9: Barrier Punch Station | C9: MC002 | D9: Punching | E9: L2 | F9: Active
A10: MC002-BarrierPrintStation | B10: Barrier Print Station | C10: MC002 | D10: Printing | E10: L2 | F10: Active
A11: MC002-BagInfeedConveyor | B11: Bag Infeed Conveyor | C11: MC002 | D11: Infeed | E11: L2 | F11: Active
A12: MC002-BagLoadRobot | B12: Bag Load Robot | C12: MC002 | D12: Robot/Pick-and-Place | E12: L2 | F12: Active
... A116: MC007-INS | B116: INS chain conveyor | C116: MC007 | D116: Feeding | E116: L2 | F116: Active

Sheet Parameters (Tags)
A1: ParameterID | B1: ParameterName | C1: StationID | D1: Unit_of_Measure | E1: Data_Type | F1: Min_Threshold | G1: Max_Threshold | H1: Target_Threshold | I1: Historian_Tag | J1: Hierarchy_Path
A2: PR0008 | B2: Barrier Infeed Elevator Counter | C2: MC002-BarrierInfeedSystem | E2: Integer | I2: BARRIER_INFEED_ELEVATOR | J2: =IFERROR(INDEX(Lines!$C$2:$C$1000,MATCH(INDEX(Machines!$C$2:$C$1000,MATCH(INDEX(Stations!$C$2:$C$1000,MATCH(C2,Stations!$A$2:$A$1000,0)),Machines!$A$2:$A$1000,0)),Lines!$A$2:$A$1000,0))&" / "&INDEX(Lines!$B$2:$B$1000,MATCH(INDEX(Machines!$C$2:$C$1000,MATCH(INDEX(Stations!$C$2:$C$1000,MATCH(C2,Stations!$A$2:$A$1000,0)),Machines!$A$2:$A$1000,0)),Lines!$A$2:$A$1000,0))&" / "&INDEX(Machines!$B$2:$B$1000,MATCH(INDEX(Stations!$C$2:$C$1000,MATCH(C2,Stations!$A$2:$A$1000,0)),Machines!$A$2:$A$1000,0))&" / "&INDEX(Stations!$B$2:$B$1000,MATCH(C2,Stations!$A$2:$A$1000,0))&" / "&B2,"check refs")
A3: PR0009 | B3: Corona Treat Position (Recipe) | C3: MC002-CoronaTreatment | E3: Float | I3: PNP_CORONA_POS_RECIPE | J3: =IFERROR(INDEX(Lines!$C$2:$C$1000,MATCH(INDEX(Machines!$C$2:$C$1000,MATCH(INDEX(Stations!$C$2:$C$1000,MATCH(C3,Stations!$A$2:$A$1000,0)),Machines!$A$2:$A$1000,0)),Lines!$A$2:$A$1000,0))&" / "&INDEX(Lines!$B$2:$B$1000,MATCH(INDEX(Machines!$C$2:$C$1000,MATCH(INDEX(Stations!$C$2:$C$1000,MATCH(C3,Stations!$A$2:$A$1000,0)),Machines!$A$2:$A$1000,0)),Lines!$A$2:$A$1000,0))&" / "&INDEX(Machines!$B$2:$B$1000,MATCH(INDEX(Stations!$C$2:$C$1000,MATCH(C3,Stations!$A$2:$A$1000,0)),Machines!$A$2:$A$1000,0))&" / "&INDEX(Stations!$B$2:$B$1000,MATCH(C3,Stations!$A$2:$A$1000,0))&" / "&B3,"check refs")
A4: PR0010 | B4: Main Dial Servo Drive Acceleration | C4: MC002-MainDial | E4: Float | I4: MAIN_DIAL_DRIVE_ACC_PB | J4: =IFERROR(INDEX(Lines!$C$2:$C$1000,MATCH(INDEX(Machines!$C$2:$C$1000,MATCH(INDEX(Stations!$C$2:$C$1000,MATCH(C4,Stations!$A$2:$A$1000,0)),Machines!$A$2:$A$1000,0)),Lines!$A$2:$A$1000,0))&" / "&INDEX(Lines!$B$2:$B$1000,MATCH(INDEX(Machines!$C$2:$C$1000,MATCH(INDEX(Stations!$C$2:$C$1000,MATCH(C4,Stations!$A$2:$A$1000,0)),Machines!$A$2:$A$1000,0)),Lines!$A$2:$A$1000,0))&" / "&INDEX(Machines!$B$2:$B$1000,MATCH(INDEX(Stations!$C$2:$C$1000,MATCH(C4,Stations!$A$2:$A$1000,0)),Machines!$A$2:$A$1000,0))&" / "&INDEX(Stations!$B$2:$B$1000,MATCH(C4,Stations!$A$2:$A$1000,0))&" / "&B4,"check refs")
A5: PR0011 | B5: Main Dial Servo Drive Deceleration | C5: MC002-MainDial | E5: Float | I5: MAIN_DIAL_DRIVE_DEC_PB | J5: =IFERROR(INDEX(Lines!$C$2:$C$1000,MATCH(INDEX(Machines!$C$2:$C$1000,MATCH(INDEX(Stations!$C$2:$C$1000,MATCH(C5,Stations!$A$2:$A$1000,0)),Machines!$A$2:$A$1000,0)),Lines!$A$2:$A$1000,0))&" / "&INDEX(Lines!$B$2:$B$1000,MATCH(INDEX(Machines!$C$2:$C$1000,MATCH(INDEX(Stations!$C$2:$C$1000,MATCH(C5,Stations!$A$2:$A$1000,0)),Machines!$A$2:$A$1000,0)),Lines!$A$2:$A$1000,0))&" / "&INDEX(Machines!$B$2:$B$1000,MATCH(INDEX(Stations!$C$2:$C$1000,MATCH(C5,Stations!$A$2:$A$1000,0)),Machines!$A$2:$A$1000,0))&" / "&INDEX(Stations!$B$2:$B$1000,MATCH(C5,Stations!$A$2:$A$1000,0))&" / "&B5,"check refs")
A6: PR0012 | B6: Main Dial Theoretical Registration Position | C6: MC002-MainDial | E6: Real | I6: MAIN_DIAL_REG_POSITION_THEO | J6: =IFERROR(INDEX(Lines!$C$2:$C$1000,MATCH(INDEX(Machines!$C$2:$C$1000,MATCH(INDEX(Stations!$C$2:$C$1000,MATCH(C6,Stations!$A$2:$A$1000,0)),Machines!$A$2:$A$1000,0)),Lines!$A$2:$A$1000,0))&" / "&INDEX(Lines!$B$2:$B$1000,MATCH(INDEX(Machines!$C$2:$C$1000,MATCH(INDEX(Stations!$C$2:$C$1000,MATCH(C6,Stations!$A$2:$A$1000,0)),Machines!$A$2:$A$1000,0)),Lines!$A$2:$A$1000,0))&" / "&INDEX(Machines!$B$2:$B$1000,MATCH(INDEX(Stations!$C$2:$C$1000,MATCH(C6,Stations!$A$2:$A$1000,0)),Machines!$A$2:$A$1000,0))&" / "&INDEX(Stations!$B$2:$B$1000,MATCH(C6,Stations!$A$2:$A$1000,0))&" / "&B6,"check refs")
A7: PR0013 | B7: Lower Tooling Offset Temperature Adjustment | C7: MC002-BarrierPreheatStation1 | D7: °C (unverified) | E7: Integer | I7: PREHEAT1_LOW_ADJ_TEMP | J7: =IFERROR(INDEX(Lines!$C$2:$C$1000,MATCH(INDEX(Machines!$C$2:$C$1000,MATCH(INDEX(Stations!$C$2:$C$1000,MATCH(C7,Stations!$A$2:$A$1000,0)),Machines!$A$2:$A$1000,0)),Lines!$A$2:$A$1000,0))&" / "&INDEX(Lines!$B$2:$B$1000,MATCH(INDEX(Machines!$C$2:$C$1000,MATCH(INDEX(Stations!$C$2:$C$1000,MATCH(C7,Stations!$A$2:$A$1000,0)),Machines!$A$2:$A$1000,0)),Lines!$A$2:$A$1000,0))&" / "&INDEX(Machines!$B$2:$B$1000,MATCH(INDEX(Stations!$C$2:$C$1000,MATCH(C7,Stations!$A$2:$A$1000,0)),Machines!$A$2:$A$1000,0))&" / "&INDEX(Stations!$B$2:$B$1000,MATCH(C7,Stations!$A$2:$A$1000,0))&" / "&B7,"check refs")
A8: PR0014 | B8: Lower Block Raw Temperature | C8: MC002-BarrierPreheatStation1 | E8: Integer | I8: PREHEAT1_LOW_BLOCK_TEMP | J8: =IFERROR(INDEX(Lines!$C$2:$C$1000,MATCH(INDEX(Machines!$C$2:$C$1000,MATCH(INDEX(Stations!$C$2:$C$1000,MATCH(C8,Stations!$A$2:$A$1000,0)),Machines!$A$2:$A$1000,0)),Lines!$A$2:$A$1000,0))&" / "&INDEX(Lines!$B$2:$B$1000,MATCH(INDEX(Machines!$C$2:$C$1000,MATCH(INDEX(Stations!$C$2:$C$1000,MATCH(C8,Stations!$A$2:$A$1000,0)),Machines!$A$2:$A$1000,0)),Lines!$A$2:$A$1000,0))&" / "&INDEX(Machines!$B$2:$B$1000,MATCH(INDEX(Stations!$C$2:$C$1000,MATCH(C8,Stations!$A$2:$A$1000,0)),Machines!$A$2:$A$1000,0))&" / "&INDEX(Stations!$B$2:$B$1000,MATCH(C8,Stations!$A$2:$A$1000,0))&" / "&B8,"check refs")
A9: PR0015 | B9: Lower Block Temperature (Display) | C9: MC002-BarrierPreheatStation1 | D9: °C (unverified) | E9: Float | I9: PREHEAT1_LOW_BLOCK_TEMP_DISPLAY | J9: =IFERROR(INDEX(Lines!$C$2:$C$1000,MATCH(INDEX(Machines!$C$2:$C$1000,MATCH(INDEX(Stations!$C$2:$C$1000,MATCH(C9,Stations!$A$2:$A$1000,0)),Machines!$A$2:$A$1000,0)),Lines!$A$2:$A$1000,0))&" / "&INDEX(Lines!$B$2:$B$1000,MATCH(INDEX(Machines!$C$2:$C$1000,MATCH(INDEX(Stations!$C$2:$C$1000,MATCH(C9,Stations!$A$2:$A$1000,0)),Machines!$A$2:$A$1000,0)),Lines!$A$2:$A$1000,0))&" / "&INDEX(Machines!$B$2:$B$1000,MATCH(INDEX(Stations!$C$2:$C$1000,MATCH(C9,Stations!$A$2:$A$1000,0)),Machines!$A$2:$A$1000,0))&" / "&INDEX(Stations!$B$2:$B$1000,MATCH(C9,Stations!$A$2:$A$1000,0))&" / "&B9,"check refs")
A10: PR0016 | B10: Lower Block Temperature (PID Input) | C10: MC002-BarrierPreheatStation1 | D10: °C (unverified) | E10: Float | I10: PREHEAT1_LOW_BLOCK_TEMP_REAL | J10: =IFERROR(INDEX(Lines!$C$2:$C$1000,MATCH(INDEX(Machines!$C$2:$C$1000,MATCH(INDEX(Stations!$C$2:$C$1000,MATCH(C10,Stations!$A$2:$A$1000,0)),Machines!$A$2:$A$1000,0)),Lines!$A$2:$A$1000,0))&" / "&INDEX(Lines!$B$2:$B$1000,MATCH(INDEX(Machines!$C$2:$C$1000,MATCH(INDEX(Stations!$C$2:$C$1000,MATCH(C10,Stations!$A$2:$A$1000,0)),Machines!$A$2:$A$1000,0)),Lines!$A$2:$A$1000,0))&" / "&INDEX(Machines!$B$2:$B$1000,MATCH(INDEX(Stations!$C$2:$C$1000,MATCH(C10,Stations!$A$2:$A$1000,0)),Machines!$A$2:$A$1000,0))&" / "&INDEX(Stations!$B$2:$B$1000,MATCH(C10,Stations!$A$2:$A$1000,0))&" / "&B10,"check refs")
A11: PR0019 | B11: Lower Tool Temperature Setpoint (Recipe) | C11: MC002-BarrierPreheatStation1 | D11: °C (unverified) | E11: Integer | F11: PREHEAT1_LOW_TEMP_MIN | G11: PREHEAT1_LOW_TEMP_MAX | I11: PREHEAT1_LOW_TEMP_RECIPE_SP | J11: =IFERROR(INDEX(Lines!$C$2:$C$1000,MATCH(INDEX(Machines!$C$2:$C$1000,MATCH(INDEX(Stations!$C$2:$C$1000,MATCH(C11,Stations!$A$2:$A$1000,0)),Machines!$A$2:$A$1000,0)),Lines!$A$2:$A$1000,0))&" / "&INDEX(Lines!$B$2:$B$1000,MATCH(INDEX(Machines!$C$2:$C$1000,MATCH(INDEX(Stations!$C$2:$C$1000,MATCH(C11,Stations!$A$2:$A$1000,0)),Machines!$A$2:$A$1000,0)),Lines!$A$2:$A$1000,0))&" / "&INDEX(Machines!$B$2:$B$1000,MATCH(INDEX(Stations!$C$2:$C$1000,MATCH(C11,Stations!$A$2:$A$1000,0)),Machines!$A$2:$A$1000,0))&" / "&INDEX(Stations!$B$2:$B$1000,MATCH(C11,Stations!$A$2:$A$1000,0))&" / "&B11,"check refs")
A12: PR0020 | B12: Lower Tooling Temperature Reject Count | C12: MC002-BarrierPreheatStation1 | E12: Integer | I12: PREHEAT1_LOW_TEMP_REJECT_CNT | J12: =IFERROR(INDEX(Lines!$C$2:$C$1000,MATCH(INDEX(Machines!$C$2:$C$1000,MATCH(INDEX(Stations!$C$2:$C$1000,MATCH(C12,Stations!$A$2:$A$1000,0)),Machines!$A$2:$A$1000,0)),Lines!$A$2:$A$1000,0))&" / "&INDEX(Lines!$B$2:$B$1000,MATCH(INDEX(Machines!$C$2:$C$1000,MATCH(INDEX(Stations!$C$2:$C$1000,MATCH(C12,Stations!$A$2:$A$1000,0)),Machines!$A$2:$A$1000,0)),Lines!$A$2:$A$1000,0))&" / "&INDEX(Machines!$B$2:$B$1000,MATCH(INDEX(Stations!$C$2:$C$1000,MATCH(C12,Stations!$A$2:$A$1000,0)),Machines!$A$2:$A$1000,0))&" / "&INDEX(Stations!$B$2:$B$1000,MATCH(C12,Stations!$A$2:$A$1000,0))&" / "&B12,"check refs")
A13: PR0021 | B13: Lower Tool Temperature Setpoint - Auto (PID) | C13: MC002-BarrierPreheatStation1 | D13: °C (unverified) | E13: Float | I13: PREHEAT1_LOW_TEMP_SP_AUTO | J13: =IFERROR(INDEX(Lines!$C$2:$C$1000,MATCH(INDEX(Machines!$C$2:$C$1000,MATCH(INDEX(Stations!$C$2:$C$1000,MATCH(C13,Stations!$A$2:$A$1000,0)),Machines!$A$2:$A$1000,0)),Lines!$A$2:$A$1000,0))&" / "&INDEX(Lines!$B$2:$B$1000,MATCH(INDEX(Machines!$C$2:$C$1000,MATCH(INDEX(Stations!$C$2:$C$1000,MATCH(C13,Stations!$A$2:$A$1000,0)),Machines!$A$2:$A$1000,0)),Lines!$A$2:$A$1000,0))&" / "&INDEX(Machines!$B$2:$B$1000,MATCH(INDEX(Stations!$C$2:$C$1000,MATCH(C13,Stations!$A$2:$A$1000,0)),Machines!$A$2:$A$1000,0))&" / "&INDEX(Stations!$B$2:$B$1000,MATCH(C13,Stations!$A$2:$A$1000,0))&" / "&B13,"check refs")
A14: PR0022 | B14: Lower Tool Temperature Setpoint - Auto (Display) | C14: MC002-BarrierPreheatStation1 | D14: °C (unverified) | E14: Integer | I14: PREHEAT1_LOW_TEMP_SP_AUTO_DISPLAY | J14: =IFERROR(INDEX(Lines!$C$2:$C$1000,MATCH(INDEX(Machines!$C$2:$C$1000,MATCH(INDEX(Stations!$C$2:$C$1000,MATCH(C14,Stations!$A$2:$A$1000,0)),Machines!$A$2:$A$1000,0)),Lines!$A$2:$A$1000,0))&" / "&INDEX(Lines!$B$2:$B$1000,MATCH(INDEX(Machines!$C$2:$C$1000,MATCH(INDEX(Stations!$C$2:$C$1000,MATCH(C14,Stations!$A$2:$A$1000,0)),Machines!$A$2:$A$1000,0)),Lines!$A$2:$A$1000,0))&" / "&INDEX(Machines!$B$2:$B$1000,MATCH(INDEX(Stations!$C$2:$C$1000,MATCH(C14,Stations!$A$2:$A$1000,0)),Machines!$A$2:$A$1000,0))&" / "&INDEX(Stations!$B$2:$B$1000,MATCH(C14,Stations!$A$2:$A$1000,0))&" / "&B14,"check refs")
A15: PR0023 | B15: Lower Tool Temperature Setpoint - Manual (PID) | C15: MC002-BarrierPreheatStation1 | D15: °C (unverified) | E15: Float | I15: PREHEAT1_LOW_TEMP_SP_MAN | J15: =IFERROR(INDEX(Lines!$C$2:$C$1000,MATCH(INDEX(Machines!$C$2:$C$1000,MATCH(INDEX(Stations!$C$2:$C$1000,MATCH(C15,Stations!$A$2:$A$1000,0)),Machines!$A$2:$A$1000,0)),Lines!$A$2:$A$1000,0))&" / "&INDEX(Lines!$B$2:$B$1000,MATCH(INDEX(Machines!$C$2:$C$1000,MATCH(INDEX(Stations!$C$2:$C$1000,MATCH(C15,Stations!$A$2:$A$1000,0)),Machines!$A$2:$A$1000,0)),Lines!$A$2:$A$1000,0))&" / "&INDEX(Machines!$B$2:$B$1000,MATCH(INDEX(Stations!$C$2:$C$1000,MATCH(C15,Stations!$A$2:$A$1000,0)),Machines!$A$2:$A$1000,0))&" / "&INDEX(Stations!$B$2:$B$1000,MATCH(C15,Stations!$A$2:$A$1000,0))&" / "&B15,"check refs")
A16: PR0024 | B16: Lower Tool Temperature Setpoint - Manual (Display) | C16: MC002-BarrierPreheatStation1 | D16: °C (unverified) | E16: Integer | I16: PREHEAT1_LOW_TEMP_SP_MAN_DISPLAY | J16: =IFERROR(INDEX(Lines!$C$2:$C$1000,MATCH(INDEX(Machines!$C$2:$C$1000,MATCH(INDEX(Stations!$C$2:$C$1000,MATCH(C16,Stations!$A$2:$A$1000,0)),Machines!$A$2:$A$1000,0)),Lines!$A$2:$A$1000,0))&" / "&INDEX(Lines!$B$2:$B$1000,MATCH(INDEX(Machines!$C$2:$C$1000,MATCH(INDEX(Stations!$C$2:$C$1000,MATCH(C16,Stations!$A$2:$A$1000,0)),Machines!$A$2:$A$1000,0)),Lines!$A$2:$A$1000,0))&" / "&INDEX(Machines!$B$2:$B$1000,MATCH(INDEX(Stations!$C$2:$C$1000,MATCH(C16,Stations!$A$2:$A$1000,0)),Machines!$A$2:$A$1000,0))&" / "&INDEX(Stations!$B$2:$B$1000,MATCH(C16,Stations!$A$2:$A$1000,0))&" / "&B16,"check refs")
A17: PR0025 | B17: Lower Tool Raw Temperature | C17: MC002-BarrierPreheatStation1 | E17: Integer | I17: PREHEAT1_LOW_TOOL_TEMP | J17: =IFERROR(INDEX(Lines!$C$2:$C$1000,MATCH(INDEX(Machines!$C$2:$C$1000,MATCH(INDEX(Stations!$C$2:$C$1000,MATCH(C17,Stations!$A$2:$A$1000,0)),Machines!$A$2:$A$1000,0)),Lines!$A$2:$A$1000,0))&" / "&INDEX(Lines!$B$2:$B$1000,MATCH(INDEX(Machines!$C$2:$C$1000,MATCH(INDEX(Stations!$C$2:$C$1000,MATCH(C17,Stations!$A$2:$A$1000,0)),Machines!$A$2:$A$1000,0)),Lines!$A$2:$A$1000,0))&" / "&INDEX(Machines!$B$2:$B$1000,MATCH(INDEX(Stations!$C$2:$C$1000,MATCH(C17,Stations!$A$2:$A$1000,0)),Machines!$A$2:$A$1000,0))&" / "&INDEX(Stations!$B$2:$B$1000,MATCH(C17,Stations!$A$2:$A$1000,0))&" / "&B17,"check refs")
A18: PR0026 | B18: Lower Tool Temperature (Display) | C18: MC002-BarrierPreheatStation1 | D18: °C (unverified) | E18: Float | I18: PREHEAT1_LOW_TOOL_TEMP_DISPLAY | J18: =IFERROR(INDEX(Lines!$C$2:$C$1000,MATCH(INDEX(Machines!$C$2:$C$1000,MATCH(INDEX(Stations!$C$2:$C$1000,MATCH(C18,Stations!$A$2:$A$1000,0)),Machines!$A$2:$A$1000,0)),Lines!$A$2:$A$1000,0))&" / "&INDEX(Lines!$B$2:$B$1000,MATCH(INDEX(Machines!$C$2:$C$1000,MATCH(INDEX(Stations!$C$2:$C$1000,MATCH(C18,Stations!$A$2:$A$1000,0)),Machines!$A$2:$A$1000,0)),Lines!$A$2:$A$1000,0))&" / "&INDEX(Machines!$B$2:$B$1000,MATCH(INDEX(Stations!$C$2:$C$1000,MATCH(C18,Stations!$A$2:$A$1000,0)),Machines!$A$2:$A$1000,0))&" / "&INDEX(Stations!$B$2:$B$1000,MATCH(C18,Stations!$A$2:$A$1000,0))&" / "&B18,"check refs")
A19: PR0027 | B19: Lower Tool Temperature (PID Input) | C19: MC002-BarrierPreheatStation1 | D19: °C (unverified) | E19: Float | I19: PREHEAT1_LOW_TOOL_TEMP_REAL | J19: =IFERROR(INDEX(Lines!$C$2:$C$1000,MATCH(INDEX(Machines!$C$2:$C$1000,MATCH(INDEX(Stations!$C$2:$C$1000,MATCH(C19,Stations!$A$2:$A$1000,0)),Machines!$A$2:$A$1000,0)),Lines!$A$2:$A$1000,0))&" / "&INDEX(Lines!$B$2:$B$1000,MATCH(INDEX(Machines!$C$2:$C$1000,MATCH(INDEX(Stations!$C$2:$C$1000,MATCH(C19,Stations!$A$2:$A$1000,0)),Machines!$A$2:$A$1000,0)),Lines!$A$2:$A$1000,0))&" / "&INDEX(Machines!$B$2:$B$1000,MATCH(INDEX(Stations!$C$2:$C$1000,MATCH(C19,Stations!$A$2:$A$1000,0)),Machines!$A$2:$A$1000,0))&" / "&INDEX(Stations!$B$2:$B$1000,MATCH(C19,Stations!$A$2:$A$1000,0))&" / "&B19,"check refs")
A20: PR0028 | B20: Preheat Time (Recipe) | C20: MC002-BarrierPreheatStation1 | D20: sec (unverified) | E20: Integer | I20: PREHEAT1_TIME_RECIPE | J20: =IFERROR(INDEX(Lines!$C$2:$C$1000,MATCH(INDEX(Machines!$C$2:$C$1000,MATCH(INDEX(Stations!$C$2:$C$1000,MATCH(C20,Stations!$A$2:$A$1000,0)),Machines!$A$2:$A$1000,0)),Lines!$A$2:$A$1000,0))&" / "&INDEX(Lines!$B$2:$B$1000,MATCH(INDEX(Machines!$C$2:$C$1000,MATCH(INDEX(Stations!$C$2:$C$1000,MATCH(C20,Stations!$A$2:$A$1000,0)),Machines!$A$2:$A$1000,0)),Lines!$A$2:$A$1000,0))&" / "&INDEX(Machines!$B$2:$B$1000,MATCH(INDEX(Stations!$C$2:$C$1000,MATCH(C20,Stations!$A$2:$A$1000,0)),Machines!$A$2:$A$1000,0))&" / "&INDEX(Stations!$B$2:$B$1000,MATCH(C20,Stations!$A$2:$A$1000,0))&" / "&B20,"check refs")
A21: PR0029 | B21: Upper Tooling Offset Temperature Adjustment | C21: MC002-BarrierPreheatStation1 | D21: °C (unverified) | E21: Integer | I21: PREHEAT1_UP_ADJ_TEMP | J21: =IFERROR(INDEX(Lines!$C$2:$C$1000,MATCH(INDEX(Machines!$C$2:$C$1000,MATCH(INDEX(Stations!$C$2:$C$1000,MATCH(C21,Stations!$A$2:$A$1000,0)),Machines!$A$2:$A$1000,0)),Lines!$A$2:$A$1000,0))&" / "&INDEX(Lines!$B$2:$B$1000,MATCH(INDEX(Machines!$C$2:$C$1000,MATCH(INDEX(Stations!$C$2:$C$1000,MATCH(C21,Stations!$A$2:$A$1000,0)),Machines!$A$2:$A$1000,0)),Lines!$A$2:$A$1000,0))&" / "&INDEX(Machines!$B$2:$B$1000,MATCH(INDEX(Stations!$C$2:$C$1000,MATCH(C21,Stations!$A$2:$A$1000,0)),Machines!$A$2:$A$1000,0))&" / "&INDEX(Stations!$B$2:$B$1000,MATCH(C21,Stations!$A$2:$A$1000,0))&" / "&B21,"check refs")
A22: PR0030 | B22: Upper Block Raw Temperature | C22: MC002-BarrierPreheatStation1 | E22: Integer | I22: PREHEAT1_UP_BLOCK_TEMP | J22: =IFERROR(INDEX(Lines!$C$2:$C$1000,MATCH(INDEX(Machines!$C$2:$C$1000,MATCH(INDEX(Stations!$C$2:$C$1000,MATCH(C22,Stations!$A$2:$A$1000,0)),Machines!$A$2:$A$1000,0)),Lines!$A$2:$A$1000,0))&" / "&INDEX(Lines!$B$2:$B$1000,MATCH(INDEX(Machines!$C$2:$C$1000,MATCH(INDEX(Stations!$C$2:$C$1000,MATCH(C22,Stations!$A$2:$A$1000,0)),Machines!$A$2:$A$1000,0)),Lines!$A$2:$A$1000,0))&" / "&INDEX(Machines!$B$2:$B$1000,MATCH(INDEX(Stations!$C$2:$C$1000,MATCH(C22,Stations!$A$2:$A$1000,0)),Machines!$A$2:$A$1000,0))&" / "&INDEX(Stations!$B$2:$B$1000,MATCH(C22,Stations!$A$2:$A$1000,0))&" / "&B22,"check refs")
A23: PR0031 | B23: Upper Block Temperature (Display) | C23: MC002-BarrierPreheatStation1 | D23: °C (unverified) | E23: Float | I23: PREHEAT1_UP_BLOCK_TEMP_DISPLAY | J23: =IFERROR(INDEX(Lines!$C$2:$C$1000,MATCH(INDEX(Machines!$C$2:$C$1000,MATCH(INDEX(Stations!$C$2:$C$1000,MATCH(C23,Stations!$A$2:$A$1000,0)),Machines!$A$2:$A$1000,0)),Lines!$A$2:$A$1000,0))&" / "&INDEX(Lines!$B$2:$B$1000,MATCH(INDEX(Machines!$C$2:$C$1000,MATCH(INDEX(Stations!$C$2:$C$1000,MATCH(C23,Stations!$A$2:$A$1000,0)),Machines!$A$2:$A$1000,0)),Lines!$A$2:$A$1000,0))&" / "&INDEX(Machines!$B$2:$B$1000,MATCH(INDEX(Stations!$C$2:$C$1000,MATCH(C23,Stations!$A$2:$A$1000,0)),Machines!$A$2:$A$1000,0))&" / "&INDEX(Stations!$B$2:$B$1000,MATCH(C23,Stations!$A$2:$A$1000,0))&" / "&B23,"check refs")
A24: PR0032 | B24: Upper Block Temperature (PID Input) | C24: MC002-BarrierPreheatStation1 | D24: °C (unverified) | E24: Float | I24: PREHEAT1_UP_BLOCK_TEMP_REAL | J24: =IFERROR(INDEX(Lines!$C$2:$C$1000,MATCH(INDEX(Machines!$C$2:$C$1000,MATCH(INDEX(Stations!$C$2:$C$1000,MATCH(C24,Stations!$A$2:$A$1000,0)),Machines!$A$2:$A$1000,0)),Lines!$A$2:$A$1000,0))&" / "&INDEX(Lines!$B$2:$B$1000,MATCH(INDEX(Machines!$C$2:$C$1000,MATCH(INDEX(Stations!$C$2:$C$1000,MATCH(C24,Stations!$A$2:$A$1000,0)),Machines!$A$2:$A$1000,0)),Lines!$A$2:$A$1000,0))&" / "&INDEX(Machines!$B$2:$B$1000,MATCH(INDEX(Stations!$C$2:$C$1000,MATCH(C24,Stations!$A$2:$A$1000,0)),Machines!$A$2:$A$1000,0))&" / "&INDEX(Stations!$B$2:$B$1000,MATCH(C24,Stations!$A$2:$A$1000,0))&" / "&B24,"check refs")
A25: PR0035 | B25: Upper Tool Temperature Setpoint (Recipe) | C25: MC002-BarrierPreheatStation1 | D25: °C (unverified) | E25: Integer | F25: PREHEAT1_UP_TEMP_MIN | G25: PREHEAT1_UP_TEMP_MAX | I25: PREHEAT1_UP_TEMP_RECIPE_SP | J25: =IFERROR(INDEX(Lines!$C$2:$C$1000,MATCH(INDEX(Machines!$C$2:$C$1000,MATCH(INDEX(Stations!$C$2:$C$1000,MATCH(C25,Stations!$A$2:$A$1000,0)),Machines!$A$2:$A$1000,0)),Lines!$A$2:$A$1000,0))&" / "&INDEX(Lines!$B$2:$B$1000,MATCH(INDEX(Machines!$C$2:$C$1000,MATCH(INDEX(Stations!$C$2:$C$1000,MATCH(C25,Stations!$A$2:$A$1000,0)),Machines!$A$2:$A$1000,0)),Lines!$A$2:$A$1000,0))&" / "&INDEX(Machines!$B$2:$B$1000,MATCH(INDEX(Stations!$C$2:$C$1000,MATCH(C25,Stations!$A$2:$A$1000,0)),Machines!$A$2:$A$1000,0))&" / "&INDEX(Stations!$B$2:$B$1000,MATCH(C25,Stations!$A$2:$A$1000,0))&" / "&B25,"check refs")
A26: PR0036 | B26: Upper Tooling Temperature Reject Count | C26: MC002-BarrierPreheatStation1 | E26: Integer | I26: PREHEAT1_UP_TEMP_REJECT_CNT | J26: =IFERROR(INDEX(Lines!$C$2:$C$1000,MATCH(INDEX(Machines!$C$2:$C$1000,MATCH(INDEX(Stations!$C$2:$C$1000,MATCH(C26,Stations!$A$2:$A$1000,0)),Machines!$A$2:$A$1000,0)),Lines!$A$2:$A$1000,0))&" / "&INDEX(Lines!$B$2:$B$1000,MATCH(INDEX(Machines!$C$2:$C$1000,MATCH(INDEX(Stations!$C$2:$C$1000,MATCH(C26,Stations!$A$2:$A$1000,0)),Machines!$A$2:$A$1000,0)),Lines!$A$2:$A$1000,0))&" / "&INDEX(Machines!$B$2:$B$1000,MATCH(INDEX(Stations!$C$2:$C$1000,MATCH(C26,Stations!$A$2:$A$1000,0)),Machines!$A$2:$A$1000,0))&" / "&INDEX(Stations!$B$2:$B$1000,MATCH(C26,Stations!$A$2:$A$1000,0))&" / "&B26,"check refs")
A27: PR0037 | B27: Upper Tool Temperature Setpoint - Auto (PID) | C27: MC002-BarrierPreheatStation1 | D27: °C (unverified) | E27: Float | I27: PREHEAT1_UP_TEMP_SP_AUTO | J27: =IFERROR(INDEX(Lines!$C$2:$C$1000,MATCH(INDEX(Machines!$C$2:$C$1000,MATCH(INDEX(Stations!$C$2:$C$1000,MATCH(C27,Stations!$A$2:$A$1000,0)),Machines!$A$2:$A$1000,0)),Lines!$A$2:$A$1000,0))&" / "&INDEX(Lines!$B$2:$B$1000,MATCH(INDEX(Machines!$C$2:$C$1000,MATCH(INDEX(Stations!$C$2:$C$1000,MATCH(C27,Stations!$A$2:$A$1000,0)),Machines!$A$2:$A$1000,0)),Lines!$A$2:$A$1000,0))&" / "&INDEX(Machines!$B$2:$B$1000,MATCH(INDEX(Stations!$C$2:$C$1000,MATCH(C27,Stations!$A$2:$A$1000,0)),Machines!$A$2:$A$1000,0))&" / "&INDEX(Stations!$B$2:$B$1000,MATCH(C27,Stations!$A$2:$A$1000,0))&" / "&B27,"check refs")
A28: PR0038 | B28: Upper Tool Temperature Setpoint - Auto (Display) | C28: MC002-BarrierPreheatStation1 | D28: °C (unverified) | E28: Integer | I28: PREHEAT1_UP_TEMP_SP_AUTO_DISPLAY | J28: =IFERROR(INDEX(Lines!$C$2:$C$1000,MATCH(INDEX(Machines!$C$2:$C$1000,MATCH(INDEX(Stations!$C$2:$C$1000,MATCH(C28,Stations!$A$2:$A$1000,0)),Machines!$A$2:$A$1000,0)),Lines!$A$2:$A$1000,0))&" / "&INDEX(Lines!$B$2:$B$1000,MATCH(INDEX(Machines!$C$2:$C$1000,MATCH(INDEX(Stations!$C$2:$C$1000,MATCH(C28,Stations!$A$2:$A$1000,0)),Machines!$A$2:$A$1000,0)),Lines!$A$2:$A$1000,0))&" / "&INDEX(Machines!$B$2:$B$1000,MATCH(INDEX(Stations!$C$2:$C$1000,MATCH(C28,Stations!$A$2:$A$1000,0)),Machines!$A$2:$A$1000,0))&" / "&INDEX(Stations!$B$2:$B$1000,MATCH(C28,Stations!$A$2:$A$1000,0))&" / "&B28,"check refs")
A29: PR0039 | B29: Upper Tool Temperature Setpoint - Manual (PID) | C29: MC002-BarrierPreheatStation1 | D29: °C (unverified) | E29: Float | I29: PREHEAT1_UP_TEMP_SP_MAN | J29: =IFERROR(INDEX(Lines!$C$2:$C$1000,MATCH(INDEX(Machines!$C$2:$C$1000,MATCH(INDEX(Stations!$C$2:$C$1000,MATCH(C29,Stations!$A$2:$A$1000,0)),Machines!$A$2:$A$1000,0)),Lines!$A$2:$A$1000,0))&" / "&INDEX(Lines!$B$2:$B$1000,MATCH(INDEX(Machines!$C$2:$C$1000,MATCH(INDEX(Stations!$C$2:$C$1000,MATCH(C29,Stations!$A$2:$A$1000,0)),Machines!$A$2:$A$1000,0)),Lines!$A$2:$A$1000,0))&" / "&INDEX(Machines!$B$2:$B$1000,MATCH(INDEX(Stations!$C$2:$C$1000,MATCH(C29,Stations!$A$2:$A$1000,0)),Machines!$A$2:$A$1000,0))&" / "&INDEX(Stations!$B$2:$B$1000,MATCH(C29,Stations!$A$2:$A$1000,0))&" / "&B29,"check refs")
A30: PR0040 | B30: Upper Tool Temperature Setpoint - Manual (Display) | C30: MC002-BarrierPreheatStation1 | D30: °C (unverified) | E30: Integer | I30: PREHEAT1_UP_TEMP_SP_MAN_DISPLAY | J30: =IFERROR(INDEX(Lines!$C$2:$C$1000,MATCH(INDEX(Machines!$C$2:$C$1000,MATCH(INDEX(Stations!$C$2:$C$1000,MATCH(C30,Stations!$A$2:$A$1000,0)),Machines!$A$2:$A$1000,0)),Lines!$A$2:$A$1000,0))&" / "&INDEX(Lines!$B$2:$B$1000,MATCH(INDEX(Machines!$C$2:$C$1000,MATCH(INDEX(Stations!$C$2:$C$1000,MATCH(C30,Stations!$A$2:$A$1000,0)),Machines!$A$2:$A$1000,0)),Lines!$A$2:$A$1000,0))&" / "&INDEX(Machines!$B$2:$B$1000,MATCH(INDEX(Stations!$C$2:$C$1000,MATCH(C30,Stations!$A$2:$A$1000,0)),Machines!$A$2:$A$1000,0))&" / "&INDEX(Stations!$B$2:$B$1000,MATCH(C30,Stations!$A$2:$A$1000,0))&" / "&B30,"check refs")
A31: PR0041 | B31: Upper Tool Raw Temperature | C31: MC002-BarrierPreheatStation1 | E31: Integer | I31: PREHEAT1_UP_TOOL_TEMP | J31: =IFERROR(INDEX(Lines!$C$2:$C$1000,MATCH(INDEX(Machines!$C$2:$C$1000,MATCH(INDEX(Stations!$C$2:$C$1000,MATCH(C31,Stations!$A$2:$A$1000,0)),Machines!$A$2:$A$1000,0)),Lines!$A$2:$A$1000,0))&" / "&INDEX(Lines!$B$2:$B$1000,MATCH(INDEX(Machines!$C$2:$C$1000,MATCH(INDEX(Stations!$C$2:$C$1000,MATCH(C31,Stations!$A$2:$A$1000,0)),Machines!$A$2:$A$1000,0)),Lines!$A$2:$A$1000,0))&" / "&INDEX(Machines!$B$2:$B$1000,MATCH(INDEX(Stations!$C$2:$C$1000,MATCH(C31,Stations!$A$2:$A$1000,0)),Machines!$A$2:$A$1000,0))&" / "&INDEX(Stations!$B$2:$B$1000,MATCH(C31,Stations!$A$2:$A$1000,0))&" / "&B31,"check refs")
A32: PR0042 | B32: Upper Tool Temperature (Display) | C32: MC002-BarrierPreheatStation1 | D32: °C (unverified) | E32: Float | I32: PREHEAT1_UP_TOOL_TEMP_DISPLAY | J32: =IFERROR(INDEX(Lines!$C$2:$C$1000,MATCH(INDEX(Machines!$C$2:$C$1000,MATCH(INDEX(Stations!$C$2:$C$1000,MATCH(C32,Stations!$A$2:$A$1000,0)),Machines!$A$2:$A$1000,0)),Lines!$A$2:$A$1000,0))&" / "&INDEX(Lines!$B$2:$B$1000,MATCH(INDEX(Machines!$C$2:$C$1000,MATCH(INDEX(Stations!$C$2:$C$1000,MATCH(C32,Stations!$A$2:$A$1000,0)),Machines!$A$2:$A$1000,0)),Lines!$A$2:$A$1000,0))&" / "&INDEX(Machines!$B$2:$B$1000,MATCH(INDEX(Stations!$C$2:$C$1000,MATCH(C32,Stations!$A$2:$A$1000,0)),Machines!$A$2:$A$1000,0))&" / "&INDEX(Stations!$B$2:$B$1000,MATCH(C32,Stations!$A$2:$A$1000,0))&" / "&B32,"check refs")
A33: PR0043 | B33: Upper Tool Temperature (PID Input) | C33: MC002-BarrierPreheatStation1 | D33: °C (unverified) | E33: Float | I33: PREHEAT1_UP_TOOL_TEMP_REAL | J33: =IFERROR(INDEX(Lines!$C$2:$C$1000,MATCH(INDEX(Machines!$C$2:$C$1000,MATCH(INDEX(Stations!$C$2:$C$1000,MATCH(C33,Stations!$A$2:$A$1000,0)),Machines!$A$2:$A$1000,0)),Lines!$A$2:$A$1000,0))&" / "&INDEX(Lines!$B$2:$B$1000,MATCH(INDEX(Machines!$C$2:$C$1000,MATCH(INDEX(Stations!$C$2:$C$1000,MATCH(C33,Stations!$A$2:$A$1000,0)),Machines!$A$2:$A$1000,0)),Lines!$A$2:$A$1000,0))&" / "&INDEX(Machines!$B$2:$B$1000,MATCH(INDEX(Stations!$C$2:$C$1000,MATCH(C33,Stations!$A$2:$A$1000,0)),Machines!$A$2:$A$1000,0))&" / "&INDEX(Stations!$B$2:$B$1000,MATCH(C33,Stations!$A$2:$A$1000,0))&" / "&B33,"check refs")
A34: PR0063 | B34: Lower Tooling Offset Temperature Adjustment | C34: MC002-BarrierPreheatStation2 | D34: °C (unverified) | E34: Integer | I34: PREHEAT2_LOW_ADJ_TEMP | J34: =IFERROR(INDEX(Lines!$C$2:$C$1000,MATCH(INDEX(Machines!$C$2:$C$1000,MATCH(INDEX(Stations!$C$2:$C$1000,MATCH(C34,Stations!$A$2:$A$1000,0)),Machines!$A$2:$A$1000,0)),Lines!$A$2:$A$1000,0))&" / "&INDEX(Lines!$B$2:$B$1000,MATCH(INDEX(Machines!$C$2:$C$1000,MATCH(INDEX(Stations!$C$2:$C$1000,MATCH(C34,Stations!$A$2:$A$1000,0)),Machines!$A$2:$A$1000,0)),Lines!$A$2:$A$1000,0))&" / "&INDEX(Machines!$B$2:$B$1000,MATCH(INDEX(Stations!$C$2:$C$1000,MATCH(C34,Stations!$A$2:$A$1000,0)),Machines!$A$2:$A$1000,0))&" / "&INDEX(Stations!$B$2:$B$1000,MATCH(C34,Stations!$A$2:$A$1000,0))&" / "&B34,"check refs")
A35: PR0064 | B35: Lower Block Raw Temperature | C35: MC002-BarrierPreheatStation2 | E35: Integer | I35: PREHEAT2_LOW_BLOCK_TEMP | J35: =IFERROR(INDEX(Lines!$C$2:$C$1000,MATCH(INDEX(Machines!$C$2:$C$1000,MATCH(INDEX(Stations!$C$2:$C$1000,MATCH(C35,Stations!$A$2:$A$1000,0)),Machines!$A$2:$A$1000,0)),Lines!$A$2:$A$1000,0))&" / "&INDEX(Lines!$B$2:$B$1000,MATCH(INDEX(Machines!$C$2:$C$1000,MATCH(INDEX(Stations!$C$2:$C$1000,MATCH(C35,Stations!$A$2:$A$1000,0)),Machines!$A$2:$A$1000,0)),Lines!$A$2:$A$1000,0))&" / "&INDEX(Machines!$B$2:$B$1000,MATCH(INDEX(Stations!$C$2:$C$1000,MATCH(C35,Stations!$A$2:$A$1000,0)),Machines!$A$2:$A$1000,0))&" / "&INDEX(Stations!$B$2:$B$1000,MATCH(C35,Stations!$A$2:$A$1000,0))&" / "&B35,"check refs")
A36: PR0065 | B36: Lower Block Temperature (Display) | C36: MC002-BarrierPreheatStation2 | D36: °C (unverified) | E36: Float | I36: PREHEAT2_LOW_BLOCK_TEMP_DISPLAY | J36: =IFERROR(INDEX(Lines!$C$2:$C$1000,MATCH(INDEX(Machines!$C$2:$C$1000,MATCH(INDEX(Stations!$C$2:$C$1000,MATCH(C36,Stations!$A$2:$A$1000,0)),Machines!$A$2:$A$1000,0)),Lines!$A$2:$A$1000,0))&" / "&INDEX(Lines!$B$2:$B$1000,MATCH(INDEX(Machines!$C$2:$C$1000,MATCH(INDEX(Stations!$C$2:$C$1000,MATCH(C36,Stations!$A$2:$A$1000,0)),Machines!$A$2:$A$1000,0)),Lines!$A$2:$A$1000,0))&" / "&INDEX(Machines!$B$2:$B$1000,MATCH(INDEX(Stations!$C$2:$C$1000,MATCH(C36,Stations!$A$2:$A$1000,0)),Machines!$A$2:$A$1000,0))&" / "&INDEX(Stations!$B$2:$B$1000,MATCH(C36,Stations!$A$2:$A$1000,0))&" / "&B36,"check refs")
A37: PR0066 | B37: Lower Block Temperature (PID Input) | C37: MC002-BarrierPreheatStation2 | D37: °C (unverified) | E37: Float | I37: PREHEAT2_LOW_BLOCK_TEMP_REAL | J37: =IFERROR(INDEX(Lines!$C$2:$C$1000,MATCH(INDEX(Machines!$C$2:$C$1000,MATCH(INDEX(Stations!$C$2:$C$1000,MATCH(C37,Stations!$A$2:$A$1000,0)),Machines!$A$2:$A$1000,0)),Lines!$A$2:$A$1000,0))&" / "&INDEX(Lines!$B$2:$B$1000,MATCH(INDEX(Machines!$C$2:$C$1000,MATCH(INDEX(Stations!$C$2:$C$1000,MATCH(C37,Stations!$A$2:$A$1000,0)),Machines!$A$2:$A$1000,0)),Lines!$A$2:$A$1000,0))&" / "&INDEX(Machines!$B$2:$B$1000,MATCH(INDEX(Stations!$C$2:$C$1000,MATCH(C37,Stations!$A$2:$A$1000,0)),Machines!$A$2:$A$1000,0))&" / "&INDEX(Stations!$B$2:$B$1000,MATCH(C37,Stations!$A$2:$A$1000,0))&" / "&B37,"check refs")
A38: PR0069 | B38: Lower Tool Temperature Setpoint (Recipe) | C38: MC002-BarrierPreheatStation2 | D38: °C (unverified) | E38: Integer | F38: PREHEAT2_LOW_TEMP_MIN | G38: PREHEAT2_LOW_TEMP_MAX | I38: PREHEAT2_LOW_TEMP_RECIPE_SP | J38: =IFERROR(INDEX(Lines!$C$2:$C$1000,MATCH(INDEX(Machines!$C$2:$C$1000,MATCH(INDEX(Stations!$C$2:$C$1000,MATCH(C38,Stations!$A$2:$A$1000,0)),Machines!$A$2:$A$1000,0)),Lines!$A$2:$A$1000,0))&" / "&INDEX(Lines!$B$2:$B$1000,MATCH(INDEX(Machines!$C$2:$C$1000,MATCH(INDEX(Stations!$C$2:$C$1000,MATCH(C38,Stations!$A$2:$A$1000,0)),Machines!$A$2:$A$1000,0)),Lines!$A$2:$A$1000,0))&" / "&INDEX(Machines!$B$2:$B$1000,MATCH(INDEX(Stations!$C$2:$C$1000,MATCH(C38,Stations!$A$2:$A$1000,0)),Machines!$A$2:$A$1000,0))&" / "&INDEX(Stations!$B$2:$B$1000,MATCH(C38,Stations!$A$2:$A$1000,0))&" / "&B38,"check refs")
A39: PR0070 | B39: Lower Tooling Temperature Reject Count | C39: MC002-BarrierPreheatStation2 | E39: Integer | I39: PREHEAT2_LOW_TEMP_REJECT_CNT | J39: =IFERROR(INDEX(Lines!$C$2:$C$1000,MATCH(INDEX(Machines!$C$2:$C$1000,MATCH(INDEX(Stations!$C$2:$C$1000,MATCH(C39,Stations!$A$2:$A$1000,0)),Machines!$A$2:$A$1000,0)),Lines!$A$2:$A$1000,0))&" / "&INDEX(Lines!$B$2:$B$1000,MATCH(INDEX(Machines!$C$2:$C$1000,MATCH(INDEX(Stations!$C$2:$C$1000,MATCH(C39,Stations!$A$2:$A$1000,0)),Machines!$A$2:$A$1000,0)),Lines!$A$2:$A$1000,0))&" / "&INDEX(Machines!$B$2:$B$1000,MATCH(INDEX(Stations!$C$2:$C$1000,MATCH(C39,Stations!$A$2:$A$1000,0)),Machines!$A$2:$A$1000,0))&" / "&INDEX(Stations!$B$2:$B$1000,MATCH(C39,Stations!$A$2:$A$1000,0))&" / "&B39,"check refs")
A40: PR0071 | B40: Lower Tool Temperature Setpoint - Auto (PID) | C40: MC002-BarrierPreheatStation2 | D40: °C (unverified) | E40: Float | I40: PREHEAT2_LOW_TEMP_SP_AUTO | J40: =IFERROR(INDEX(Lines!$C$2:$C$1000,MATCH(INDEX(Machines!$C$2:$C$1000,MATCH(INDEX(Stations!$C$2:$C$1000,MATCH(C40,Stations!$A$2:$A$1000,0)),Machines!$A$2:$A$1000,0)),Lines!$A$2:$A$1000,0))&" / "&INDEX(Lines!$B$2:$B$1000,MATCH(INDEX(Machines!$C$2:$C$1000,MATCH(INDEX(Stations!$C$2:$C$1000,MATCH(C40,Stations!$A$2:$A$1000,0)),Machines!$A$2:$A$1000,0)),Lines!$A$2:$A$1000,0))&" / "&INDEX(Machines!$B$2:$B$1000,MATCH(INDEX(Stations!$C$2:$C$1000,MATCH(C40,Stations!$A$2:$A$1000,0)),Machines!$A$2:$A$1000,0))&" / "&INDEX(Stations!$B$2:$B$1000,MATCH(C40,Stations!$A$2:$A$1000,0))&" / "&B40,"check refs")
A41: PR0072 | B41: Lower Tool Temperature Setpoint - Auto (Display) | C41: MC002-BarrierPreheatStation2 | D41: °C (unverified) | E41: Integer | I41: PREHEAT2_LOW_TEMP_SP_AUTO_DISPLAY | J41: =IFERROR(INDEX(Lines!$C$2:$C$1000,MATCH(INDEX(Machines!$C$2:$C$1000,MATCH(INDEX(Stations!$C$2:$C$1000,MATCH(C41,Stations!$A$2:$A$1000,0)),Machines!$A$2:$A$1000,0)),Lines!$A$2:$A$1000,0))&" / "&INDEX(Lines!$B$2:$B$1000,MATCH(INDEX(Machines!$C$2:$C$1000,MATCH(INDEX(Stations!$C$2:$C$1000,MATCH(C41,Stations!$A$2:$A$1000,0)),Machines!$A$2:$A$1000,0)),Lines!$A$2:$A$1000,0))&" / "&INDEX(Machines!$B$2:$B$1000,MATCH(INDEX(Stations!$C$2:$C$1000,MATCH(C41,Stations!$A$2:$A$1000,0)),Machines!$A$2:$A$1000,0))&" / "&INDEX(Stations!$B$2:$B$1000,MATCH(C41,Stations!$A$2:$A$1000,0))&" / "&B41,"check refs")
A42: PR0073 | B42: Lower Tool Temperature Setpoint - Manual (PID) | C42: MC002-BarrierPreheatStation2 | D42: °C (unverified) | E42: Float | I42: PREHEAT2_LOW_TEMP_SP_MAN | J42: =IFERROR(INDEX(Lines!$C$2:$C$1000,MATCH(INDEX(Machines!$C$2:$C$1000,MATCH(INDEX(Stations!$C$2:$C$1000,MATCH(C42,Stations!$A$2:$A$1000,0)),Machines!$A$2:$A$1000,0)),Lines!$A$2:$A$1000,0))&" / "&INDEX(Lines!$B$2:$B$1000,MATCH(INDEX(Machines!$C$2:$C$1000,MATCH(INDEX(Stations!$C$2:$C$1000,MATCH(C42,Stations!$A$2:$A$1000,0)),Machines!$A$2:$A$1000,0)),Lines!$A$2:$A$1000,0))&" / "&INDEX(Machines!$B$2:$B$1000,MATCH(INDEX(Stations!$C$2:$C$1000,MATCH(C42,Stations!$A$2:$A$1000,0)),Machines!$A$2:$A$1000,0))&" / "&INDEX(Stations!$B$2:$B$1000,MATCH(C42,Stations!$A$2:$A$1000,0))&" / "&B42,"check refs")
A43: PR0074 | B43: Lower Tool Temperature Setpoint - Manual (Display) | C43: MC002-BarrierPreheatStation2 | D43: °C (unverified) | E43: Integer | I43: PREHEAT2_LOW_TEMP_SP_MAN_DISPLAY | J43: =IFERROR(INDEX(Lines!$C$2:$C$1000,MATCH(INDEX(Machines!$C$2:$C$1000,MATCH(INDEX(Stations!$C$2:$C$1000,MATCH(C43,Stations!$A$2:$A$1000,0)),Machines!$A$2:$A$1000,0)),Lines!$A$2:$A$1000,0))&" / "&INDEX(Lines!$B$2:$B$1000,MATCH(INDEX(Machines!$C$2:$C$1000,MATCH(INDEX(Stations!$C$2:$C$1000,MATCH(C43,Stations!$A$2:$A$1000,0)),Machines!$A$2:$A$1000,0)),Lines!$A$2:$A$1000,0))&" / "&INDEX(Machines!$B$2:$B$1000,MATCH(INDEX(Stations!$C$2:$C$1000,MATCH(C43,Stations!$A$2:$A$1000,0)),Machines!$A$2:$A$1000,0))&" / "&INDEX(Stations!$B$2:$B$1000,MATCH(C43,Stations!$A$2:$A$1000,0))&" / "&B43,"check refs")
A44: PR0075 | B44: Lower Tool Raw Temperature | C44: MC002-BarrierPreheatStation2 | E44: Integer | I44: PREHEAT2_LOW_TOOL_TEMP | J44: =IFERROR(INDEX(Lines!$C$2:$C$1000,MATCH(INDEX(Machines!$C$2:$C$1000,MATCH(INDEX(Stations!$C$2:$C$1000,MATCH(C44,Stations!$A$2:$A$1000,0)),Machines!$A$2:$A$1000,0)),Lines!$A$2:$A$1000,0))&" / "&INDEX(Lines!$B$2:$B$1000,MATCH(INDEX(Machines!$C$2:$C$1000,MATCH(INDEX(Stations!$C$2:$C$1000,MATCH(C44,Stations!$A$2:$A$1000,0)),Machines!$A$2:$A$1000,0)),Lines!$A$2:$A$1000,0))&" / "&INDEX(Machines!$B$2:$B$1000,MATCH(INDEX(Stations!$C$2:$C$1000,MATCH(C44,Stations!$A$2:$A$1000,0)),Machines!$A$2:$A$1000,0))&" / "&INDEX(Stations!$B$2:$B$1000,MATCH(C44,Stations!$A$2:$A$1000,0))&" / "&B44,"check refs")
A45: PR0076 | B45: Lower Tool Temperature (Display) | C45: MC002-BarrierPreheatStation2 | D45: °C (unverified) | E45: Float | I45: PREHEAT2_LOW_TOOL_TEMP_DISPLAY | J45: =IFERROR(INDEX(Lines!$C$2:$C$1000,MATCH(INDEX(Machines!$C$2:$C$1000,MATCH(INDEX(Stations!$C$2:$C$1000,MATCH(C45,Stations!$A$2:$A$1000,0)),Machines!$A$2:$A$1000,0)),Lines!$A$2:$A$1000,0))&" / "&INDEX(Lines!$B$2:$B$1000,MATCH(INDEX(Machines!$C$2:$C$1000,MATCH(INDEX(Stations!$C$2:$C$1000,MATCH(C45,Stations!$A$2:$A$1000,0)),Machines!$A$2:$A$1000,0)),Lines!$A$2:$A$1000,0))&" / "&INDEX(Machines!$B$2:$B$1000,MATCH(INDEX(Stations!$C$2:$C$1000,MATCH(C45,Stations!$A$2:$A$1000,0)),Machines!$A$2:$A$1000,0))&" / "&INDEX(Stations!$B$2:$B$1000,MATCH(C45,Stations!$A$2:$A$1000,0))&" / "&B45,"check refs")
A46: PR0077 | B46: Lower Tool Temperature (PID Input) | C46: MC002-BarrierPreheatStation2 | D46: °C (unverified) | E46: Float | I46: PREHEAT2_LOW_TOOL_TEMP_REAL | J46: =IFERROR(INDEX(Lines!$C$2:$C$1000,MATCH(INDEX(Machines!$C$2:$C$1000,MATCH(INDEX(Stations!$C$2:$C$1000,MATCH(C46,Stations!$A$2:$A$1000,0)),Machines!$A$2:$A$1000,0)),Lines!$A$2:$A$1000,0))&" / "&INDEX(Lines!$B$2:$B$1000,MATCH(INDEX(Machines!$C$2:$C$1000,MATCH(INDEX(Stations!$C$2:$C$1000,MATCH(C46,Stations!$A$2:$A$1000,0)),Machines!$A$2:$A$1000,0)),Lines!$A$2:$A$1000,0))&" / "&INDEX(Machines!$B$2:$B$1000,MATCH(INDEX(Stations!$C$2:$C$1000,MATCH(C46,Stations!$A$2:$A$1000,0)),Machines!$A$2:$A$1000,0))&" / "&INDEX(Stations!$B$2:$B$1000,MATCH(C46,Stations!$A$2:$A$1000,0))&" / "&B46,"check refs")
A47: PR0078 | B47: Preheat Time (Recipe) | C47: MC002-BarrierPreheatStation2 | D47: sec (unverified) | E47: Integer | I47: PREHEAT2_TIME_RECIPE | J47: =IFERROR(INDEX(Lines!$C$2:$C$1000,MATCH(INDEX(Machines!$C$2:$C$1000,MATCH(INDEX(Stations!$C$2:$C$1000,MATCH(C47,Stations!$A$2:$A$1000,0)),Machines!$A$2:$A$1000,0)),Lines!$A$2:$A$1000,0))&" / "&INDEX(Lines!$B$2:$B$1000,MATCH(INDEX(Machines!$C$2:$C$1000,MATCH(INDEX(Stations!$C$2:$C$1000,MATCH(C47,Stations!$A$2:$A$1000,0)),Machines!$A$2:$A$1000,0)),Lines!$A$2:$A$1000,0))&" / "&INDEX(Machines!$B$2:$B$1000,MATCH(INDEX(Stations!$C$2:$C$1000,MATCH(C47,Stations!$A$2:$A$1000,0)),Machines!$A$2:$A$1000,0))&" / "&INDEX(Stations!$B$2:$B$1000,MATCH(C47,Stations!$A$2:$A$1000,0))&" / "&B47,"check refs")
A48: PR0079 | B48: Upper Tooling Offset Temperature Adjustment | C48: MC002-BarrierPreheatStation2 | D48: °C (unverified) | E48: Integer | I48: PREHEAT2_UP_ADJ_TEMP | J48: =IFERROR(INDEX(Lines!$C$2:$C$1000,MATCH(INDEX(Machines!$C$2:$C$1000,MATCH(INDEX(Stations!$C$2:$C$1000,MATCH(C48,Stations!$A$2:$A$1000,0)),Machines!$A$2:$A$1000,0)),Lines!$A$2:$A$1000,0))&" / "&INDEX(Lines!$B$2:$B$1000,MATCH(INDEX(Machines!$C$2:$C$1000,MATCH(INDEX(Stations!$C$2:$C$1000,MATCH(C48,Stations!$A$2:$A$1000,0)),Machines!$A$2:$A$1000,0)),Lines!$A$2:$A$1000,0))&" / "&INDEX(Machines!$B$2:$B$1000,MATCH(INDEX(Stations!$C$2:$C$1000,MATCH(C48,Stations!$A$2:$A$1000,0)),Machines!$A$2:$A$1000,0))&" / "&INDEX(Stations!$B$2:$B$1000,MATCH(C48,Stations!$A$2:$A$1000,0))&" / "&B48,"check refs")
A49: PR0080 | B49: Upper Block Raw Temperature | C49: MC002-BarrierPreheatStation2 | E49: Integer | I49: PREHEAT2_UP_BLOCK_TEMP | J49: =IFERROR(INDEX(Lines!$C$2:$C$1000,MATCH(INDEX(Machines!$C$2:$C$1000,MATCH(INDEX(Stations!$C$2:$C$1000,MATCH(C49,Stations!$A$2:$A$1000,0)),Machines!$A$2:$A$1000,0)),Lines!$A$2:$A$1000,0))&" / "&INDEX(Lines!$B$2:$B$1000,MATCH(INDEX(Machines!$C$2:$C$1000,MATCH(INDEX(Stations!$C$2:$C$1000,MATCH(C49,Stations!$A$2:$A$1000,0)),Machines!$A$2:$A$1000,0)),Lines!$A$2:$A$1000,0))&" / "&INDEX(Machines!$B$2:$B$1000,MATCH(INDEX(Stations!$C$2:$C$1000,MATCH(C49,Stations!$A$2:$A$1000,0)),Machines!$A$2:$A$1000,0))&" / "&INDEX(Stations!$B$2:$B$1000,MATCH(C49,Stations!$A$2:$A$1000,0))&" / "&B49,"check refs")
A50: PR0081 | B50: Upper Block Temperature (Display) | C50: MC002-BarrierPreheatStation2 | D50: °C (unverified) | E50: Float | I50: PREHEAT2_UP_BLOCK_TEMP_DISPLAY | J50: =IFERROR(INDEX(Lines!$C$2:$C$1000,MATCH(INDEX(Machines!$C$2:$C$1000,MATCH(INDEX(Stations!$C$2:$C$1000,MATCH(C50,Stations!$A$2:$A$1000,0)),Machines!$A$2:$A$1000,0)),Lines!$A$2:$A$1000,0))&" / "&INDEX(Lines!$B$2:$B$1000,MATCH(INDEX(Machines!$C$2:$C$1000,MATCH(INDEX(Stations!$C$2:$C$1000,MATCH(C50,Stations!$A$2:$A$1000,0)),Machines!$A$2:$A$1000,0)),Lines!$A$2:$A$1000,0))&" / "&INDEX(Machines!$B$2:$B$1000,MATCH(INDEX(Stations!$C$2:$C$1000,MATCH(C50,Stations!$A$2:$A$1000,0)),Machines!$A$2:$A$1000,0))&" / "&INDEX(Stations!$B$2:$B$1000,MATCH(C50,Stations!$A$2:$A$1000,0))&" / "&B50,"check refs")
A51: PR0082 | B51: Upper Block Temperature (PID Input) | C51: MC002-BarrierPreheatStation2 | D51: °C (unverified) | E51: Float | I51: PREHEAT2_UP_BLOCK_TEMP_REAL | J51: =IFERROR(INDEX(Lines!$C$2:$C$1000,MATCH(INDEX(Machines!$C$2:$C$1000,MATCH(INDEX(Stations!$C$2:$C$1000,MATCH(C51,Stations!$A$2:$A$1000,0)),Machines!$A$2:$A$1000,0)),Lines!$A$2:$A$1000,0))&" / "&INDEX(Lines!$B$2:$B$1000,MATCH(INDEX(Machines!$C$2:$C$1000,MATCH(INDEX(Stations!$C$2:$C$1000,MATCH(C51,Stations!$A$2:$A$1000,0)),Machines!$A$2:$A$1000,0)),Lines!$A$2:$A$1000,0))&" / "&INDEX(Machines!$B$2:$B$1000,MATCH(INDEX(Stations!$C$2:$C$1000,MATCH(C51,Stations!$A$2:$A$1000,0)),Machines!$A$2:$A$1000,0))&" / "&INDEX(Stations!$B$2:$B$1000,MATCH(C51,Stations!$A$2:$A$1000,0))&" / "&B51,"check refs")
A52: PR0085 | B52: Upper Tool Temperature Setpoint (Recipe) | C52: MC002-BarrierPreheatStation2 | D52: °C (unverified) | E52: Integer | F52: PREHEAT2_UP_TEMP_MIN | G52: PREHEAT2_UP_TEMP_MAX | I52: PREHEAT2_UP_TEMP_RECIPE_SP | J52: =IFERROR(INDEX(Lines!$C$2:$C$1000,MATCH(INDEX(Machines!$C$2:$C$1000,MATCH(INDEX(Stations!$C$2:$C$1000,MATCH(C52,Stations!$A$2:$A$1000,0)),Machines!$A$2:$A$1000,0)),Lines!$A$2:$A$1000,0))&" / "&INDEX(Lines!$B$2:$B$1000,MATCH(INDEX(Machines!$C$2:$C$1000,MATCH(INDEX(Stations!$C$2:$C$1000,MATCH(C52,Stations!$A$2:$A$1000,0)),Machines!$A$2:$A$1000,0)),Lines!$A$2:$A$1000,0))&" / "&INDEX(Machines!$B$2:$B$1000,MATCH(INDEX(Stations!$C$2:$C$1000,MATCH(C52,Stations!$A$2:$A$1000,0)),Machines!$A$2:$A$1000,0))&" / "&INDEX(Stations!$B$2:$B$1000,MATCH(C52,Stations!$A$2:$A$1000,0))&" / "&B52,"check refs")
A53: PR0086 | B53: Upper Tooling Temperature Reject Count | C53: MC002-BarrierPreheatStation2 | E53: Integer | I53: PREHEAT2_UP_TEMP_REJECT_CNT | J53: =IFERROR(INDEX(Lines!$C$2:$C$1000,MATCH(INDEX(Machines!$C$2:$C$1000,MATCH(INDEX(Stations!$C$2:$C$1000,MATCH(C53,Stations!$A$2:$A$1000,0)),Machines!$A$2:$A$1000,0)),Lines!$A$2:$A$1000,0))&" / "&INDEX(Lines!$B$2:$B$1000,MATCH(INDEX(Machines!$C$2:$C$1000,MATCH(INDEX(Stations!$C$2:$C$1000,MATCH(C53,Stations!$A$2:$A$1000,0)),Machines!$A$2:$A$1000,0)),Lines!$A$2:$A$1000,0))&" / "&INDEX(Machines!$B$2:$B$1000,MATCH(INDEX(Stations!$C$2:$C$1000,MATCH(C53,Stations!$A$2:$A$1000,0)),Machines!$A$2:$A$1000,0))&" / "&INDEX(Stations!$B$2:$B$1000,MATCH(C53,Stations!$A$2:$A$1000,0))&" / "&B53,"check refs")
A54: PR0087 | B54: Upper Tool Temperature Setpoint - Auto (PID) | C54: MC002-BarrierPreheatStation2 | D54: °C (unverified) | E54: Float | I54: PREHEAT2_UP_TEMP_SP_AUTO | J54: =IFERROR(INDEX(Lines!$C$2:$C$1000,MATCH(INDEX(Machines!$C$2:$C$1000,MATCH(INDEX(Stations!$C$2:$C$1000,MATCH(C54,Stations!$A$2:$A$1000,0)),Machines!$A$2:$A$1000,0)),Lines!$A$2:$A$1000,0))&" / "&INDEX(Lines!$B$2:$B$1000,MATCH(INDEX(Machines!$C$2:$C$1000,MATCH(INDEX(Stations!$C$2:$C$1000,MATCH(C54,Stations!$A$2:$A$1000,0)),Machines!$A$2:$A$1000,0)),Lines!$A$2:$A$1000,0))&" / "&INDEX(Machines!$B$2:$B$1000,MATCH(INDEX(Stations!$C$2:$C$1000,MATCH(C54,Stations!$A$2:$A$1000,0)),Machines!$A$2:$A$1000,0))&" / "&INDEX(Stations!$B$2:$B$1000,MATCH(C54,Stations!$A$2:$A$1000,0))&" / "&B54,"check refs")
A55: PR0088 | B55: Upper Tool Temperature Setpoint - Auto (Display) | C55: MC002-BarrierPreheatStation2 | D55: °C (unverified) | E55: Integer | I55: PREHEAT2_UP_TEMP_SP_AUTO_DISPLAY | J55: =IFERROR(INDEX(Lines!$C$2:$C$1000,MATCH(INDEX(Machines!$C$2:$C$1000,MATCH(INDEX(Stations!$C$2:$C$1000,MATCH(C55,Stations!$A$2:$A$1000,0)),Machines!$A$2:$A$1000,0)),Lines!$A$2:$A$1000,0))&" / "&INDEX(Lines!$B$2:$B$1000,MATCH(INDEX(Machines!$C$2:$C$1000,MATCH(INDEX(Stations!$C$2:$C$1000,MATCH(C55,Stations!$A$2:$A$1000,0)),Machines!$A$2:$A$1000,0)),Lines!$A$2:$A$1000,0))&" / "&INDEX(Machines!$B$2:$B$1000,MATCH(INDEX(Stations!$C$2:$C$1000,MATCH(C55,Stations!$A$2:$A$1000,0)),Machines!$A$2:$A$1000,0))&" / "&INDEX(Stations!$B$2:$B$1000,MATCH(C55,Stations!$A$2:$A$1000,0))&" / "&B55,"check refs")
A56: PR0089 | B56: Upper Tool Temperature Setpoint - Manual (PID) | C56: MC002-BarrierPreheatStation2 | D56: °C (unverified) | E56: Float | I56: PREHEAT2_UP_TEMP_SP_MAN | J56: =IFERROR(INDEX(Lines!$C$2:$C$1000,MATCH(INDEX(Machines!$C$2:$C$1000,MATCH(INDEX(Stations!$C$2:$C$1000,MATCH(C56,Stations!$A$2:$A$1000,0)),Machines!$A$2:$A$1000,0)),Lines!$A$2:$A$1000,0))&" / "&INDEX(Lines!$B$2:$B$1000,MATCH(INDEX(Machines!$C$2:$C$1000,MATCH(INDEX(Stations!$C$2:$C$1000,MATCH(C56,Stations!$A$2:$A$1000,0)),Machines!$A$2:$A$1000,0)),Lines!$A$2:$A$1000,0))&" / "&INDEX(Machines!$B$2:$B$1000,MATCH(INDEX(Stations!$C$2:$C$1000,MATCH(C56,Stations!$A$2:$A$1000,0)),Machines!$A$2:$A$1000,0))&" / "&INDEX(Stations!$B$2:$B$1000,MATCH(C56,Stations!$A$2:$A$1000,0))&" / "&B56,"check refs")
A57: PR0090 | B57: Upper Tool Temperature Setpoint - Manual (Display) | C57: MC002-BarrierPreheatStation2 | D57: °C (unverified) | E57: Integer | I57: PREHEAT2_UP_TEMP_SP_MAN_DISPLAY | J57: =IFERROR(INDEX(Lines!$C$2:$C$1000,MATCH(INDEX(Machines!$C$2:$C$1000,MATCH(INDEX(Stations!$C$2:$C$1000,MATCH(C57,Stations!$A$2:$A$1000,0)),Machines!$A$2:$A$1000,0)),Lines!$A$2:$A$1000,0))&" / "&INDEX(Lines!$B$2:$B$1000,MATCH(INDEX(Machines!$C$2:$C$1000,MATCH(INDEX(Stations!$C$2:$C$1000,MATCH(C57,Stations!$A$2:$A$1000,0)),Machines!$A$2:$A$1000,0)),Lines!$A$2:$A$1000,0))&" / "&INDEX(Machines!$B$2:$B$1000,MATCH(INDEX(Stations!$C$2:$C$1000,MATCH(C57,Stations!$A$2:$A$1000,0)),Machines!$A$2:$A$1000,0))&" / "&INDEX(Stations!$B$2:$B$1000,MATCH(C57,Stations!$A$2:$A$1000,0))&" / "&B57,"check refs")
A58: PR0091 | B58: Upper Tool Raw Temperature | C58: MC002-BarrierPreheatStation2 | E58: Integer | I58: PREHEAT2_UP_TOOL_TEMP | J58: =IFERROR(INDEX(Lines!$C$2:$C$1000,MATCH(INDEX(Machines!$C$2:$C$1000,MATCH(INDEX(Stations!$C$2:$C$1000,MATCH(C58,Stations!$A$2:$A$1000,0)),Machines!$A$2:$A$1000,0)),Lines!$A$2:$A$1000,0))&" / "&INDEX(Lines!$B$2:$B$1000,MATCH(INDEX(Machines!$C$2:$C$1000,MATCH(INDEX(Stations!$C$2:$C$1000,MATCH(C58,Stations!$A$2:$A$1000,0)),Machines!$A$2:$A$1000,0)),Lines!$A$2:$A$1000,0))&" / "&INDEX(Machines!$B$2:$B$1000,MATCH(INDEX(Stations!$C$2:$C$1000,MATCH(C58,Stations!$A$2:$A$1000,0)),Machines!$A$2:$A$1000,0))&" / "&INDEX(Stations!$B$2:$B$1000,MATCH(C58,Stations!$A$2:$A$1000,0))&" / "&B58,"check refs")
A59: PR0092 | B59: Upper Tool Temperature (Display) | C59: MC002-BarrierPreheatStation2 | D59: °C (unverified) | E59: Float | I59: PREHEAT2_UP_TOOL_TEMP_DISPLAY | J59: =IFERROR(INDEX(Lines!$C$2:$C$1000,MATCH(INDEX(Machines!$C$2:$C$1000,MATCH(INDEX(Stations!$C$2:$C$1000,MATCH(C59,Stations!$A$2:$A$1000,0)),Machines!$A$2:$A$1000,0)),Lines!$A$2:$A$1000,0))&" / "&INDEX(Lines!$B$2:$B$1000,MATCH(INDEX(Machines!$C$2:$C$1000,MATCH(INDEX(Stations!$C$2:$C$1000,MATCH(C59,Stations!$A$2:$A$1000,0)),Machines!$A$2:$A$1000,0)),Lines!$A$2:$A$1000,0))&" / "&INDEX(Machines!$B$2:$B$1000,MATCH(INDEX(Stations!$C$2:$C$1000,MATCH(C59,Stations!$A$2:$A$1000,0)),Machines!$A$2:$A$1000,0))&" / "&INDEX(Stations!$B$2:$B$1000,MATCH(C59,Stations!$A$2:$A$1000,0))&" / "&B59,"check refs")
A60: PR0093 | B60: Upper Tool Temperature (PID Input) | C60: MC002-BarrierPreheatStation2 | D60: °C (unverified) | E60: Float | I60: PREHEAT2_UP_TOOL_TEMP_REAL | J60: =IFERROR(INDEX(Lines!$C$2:$C$1000,MATCH(INDEX(Machines!$C$2:$C$1000,MATCH(INDEX(Stations!$C$2:$C$1000,MATCH(C60,Stations!$A$2:$A$1000,0)),Machines!$A$2:$A$1000,0)),Lines!$A$2:$A$1000,0))&" / "&INDEX(Lines!$B$2:$B$1000,MATCH(INDEX(Machines!$C$2:$C$1000,MATCH(INDEX(Stations!$C$2:$C$1000,MATCH(C60,Stations!$A$2:$A$1000,0)),Machines!$A$2:$A$1000,0)),Lines!$A$2:$A$1000,0))&" / "&INDEX(Machines!$B$2:$B$1000,MATCH(INDEX(Stations!$C$2:$C$1000,MATCH(C60,Stations!$A$2:$A$1000,0)),Machines!$A$2:$A$1000,0))&" / "&INDEX(Stations!$B$2:$B$1000,MATCH(C60,Stations!$A$2:$A$1000,0))&" / "&B60,"check refs")
A61: PR0094 | B61: Preheat Station 2 Lower Tool Temperature In Tolerance | C61: MC002-BarrierPreheatStation2 | E61: Boolean | I61: PREHEAT2_LOW_TEMP_OK | J61: =IFERROR(INDEX(Lines!$C$2:$C$1000,MATCH(INDEX(Machines!$C$2:$C$1000,MATCH(INDEX(Stations!$C$2:$C$1000,MATCH(C61,Stations!$A$2:$A$1000,0)),Machines!$A$2:$A$1000,0)),Lines!$A$2:$A$1000,0))&" / "&INDEX(Lines!$B$2:$B$1000,MATCH(INDEX(Machines!$C$2:$C$1000,MATCH(INDEX(Stations!$C$2:$C$1000,MATCH(C61,Stations!$A$2:$A$1000,0)),Machines!$A$2:$A$1000,0)),Lines!$A$2:$A$1000,0))&" / "&INDEX(Machines!$B$2:$B$1000,MATCH(INDEX(Stations!$C$2:$C$1000,MATCH(C61,Stations!$A$2:$A$1000,0)),Machines!$A$2:$A$1000,0))&" / "&INDEX(Stations!$B$2:$B$1000,MATCH(C61,Stations!$A$2:$A$1000,0))&" / "&B61,"check refs")
A62: PR0095 | B62: Preheat Station 2 Lower Tool Heater Output Rate | C62: MC002-BarrierPreheatStation2 | E62: Integer | I62: PREHEAT2_LOW_TOOL_HEATER_OUTPUT_RATE | J62: =IFERROR(INDEX(Lines!$C$2:$C$1000,MATCH(INDEX(Machines!$C$2:$C$1000,MATCH(INDEX(Stations!$C$2:$C$1000,MATCH(C62,Stations!$A$2:$A$1000,0)),Machines!$A$2:$A$1000,0)),Lines!$A$2:$A$1000,0))&" / "&INDEX(Lines!$B$2:$B$1000,MATCH(INDEX(Machines!$C$2:$C$1000,MATCH(INDEX(Stations!$C$2:$C$1000,MATCH(C62,Stations!$A$2:$A$1000,0)),Machines!$A$2:$A$1000,0)),Lines!$A$2:$A$1000,0))&" / "&INDEX(Machines!$B$2:$B$1000,MATCH(INDEX(Stations!$C$2:$C$1000,MATCH(C62,Stations!$A$2:$A$1000,0)),Machines!$A$2:$A$1000,0))&" / "&INDEX(Stations!$B$2:$B$1000,MATCH(C62,Stations!$A$2:$A$1000,0))&" / "&B62,"check refs")
A63: PR0096 | B63: Preheat Station 2 Upper Tool Temperature In Tolerance | C63: MC002-BarrierPreheatStation2 | E63: Boolean | I63: PREHEAT2_UP_TEMP_OK | J63: =IFERROR(INDEX(Lines!$C$2:$C$1000,MATCH(INDEX(Machines!$C$2:$C$1000,MATCH(INDEX(Stations!$C$2:$C$1000,MATCH(C63,Stations!$A$2:$A$1000,0)),Machines!$A$2:$A$1000,0)),Lines!$A$2:$A$1000,0))&" / "&INDEX(Lines!$B$2:$B$1000,MATCH(INDEX(Machines!$C$2:$C$1000,MATCH(INDEX(Stations!$C$2:$C$1000,MATCH(C63,Stations!$A$2:$A$1000,0)),Machines!$A$2:$A$1000,0)),Lines!$A$2:$A$1000,0))&" / "&INDEX(Machines!$B$2:$B$1000,MATCH(INDEX(Stations!$C$2:$C$1000,MATCH(C63,Stations!$A$2:$A$1000,0)),Machines!$A$2:$A$1000,0))&" / "&INDEX(Stations!$B$2:$B$1000,MATCH(C63,Stations!$A$2:$A$1000,0))&" / "&B63,"check refs")
A64: PR0097 | B64: Preheat Station 2 Upper Tool Heater Output Rate | C64: MC002-BarrierPreheatStation2 | E64: Integer | I64: PREHEAT2_UP_TOOL_HEATER_OUTPUT_RATE | J64: =IFERROR(INDEX(Lines!$C$2:$C$1000,MATCH(INDEX(Machines!$C$2:$C$1000,MATCH(INDEX(Stations!$C$2:$C$1000,MATCH(C64,Stations!$A$2:$A$1000,0)),Machines!$A$2:$A$1000,0)),Lines!$A$2:$A$1000,0))&" / "&INDEX(Lines!$B$2:$B$1000,MATCH(INDEX(Machines!$C$2:$C$1000,MATCH(INDEX(Stations!$C$2:$C$1000,MATCH(C64,Stations!$A$2:$A$1000,0)),Machines!$A$2:$A$1000,0)),Lines!$A$2:$A$1000,0))&" / "&INDEX(Machines!$B$2:$B$1000,MATCH(INDEX(Stations!$C$2:$C$1000,MATCH(C64,Stations!$A$2:$A$1000,0)),Machines!$A$2:$A$1000,0))&" / "&INDEX(Stations!$B$2:$B$1000,MATCH(C64,Stations!$A$2:$A$1000,0))&" / "&B64,"check refs")
A65: PR0098 | B65: Forming Pressure Offset Adjustment | C65: MC002-BarrierFormingStation | D65: PSI (unverified) | E65: Float | I65: FORMING_ADJ_PRESSURE | J65: =IFERROR(INDEX(Lines!$C$2:$C$1000,MATCH(INDEX(Machines!$C$2:$C$1000,MATCH(INDEX(Stations!$C$2:$C$1000,MATCH(C65,Stations!$A$2:$A$1000,0)),Machines!$A$2:$A$1000,0)),Lines!$A$2:$A$1000,0))&" / "&INDEX(Lines!$B$2:$B$1000,MATCH(INDEX(Machines!$C$2:$C$1000,MATCH(INDEX(Stations!$C$2:$C$1000,MATCH(C65,Stations!$A$2:$A$1000,0)),Machines!$A$2:$A$1000,0)),Lines!$A$2:$A$1000,0))&" / "&INDEX(Machines!$B$2:$B$1000,MATCH(INDEX(Stations!$C$2:$C$1000,MATCH(C65,Stations!$A$2:$A$1000,0)),Machines!$A$2:$A$1000,0))&" / "&INDEX(Stations!$B$2:$B$1000,MATCH(C65,Stations!$A$2:$A$1000,0))&" / "&B65,"check refs")
A66: PR0099 | B66: Barrier Release Blow Time | C66: MC002-BarrierFormingStation | D66: sec (unverified) | E66: Integer | I66: FORMING_BARRIER_RELEASE_BLOW_TIME | J66: =IFERROR(INDEX(Lines!$C$2:$C$1000,MATCH(INDEX(Machines!$C$2:$C$1000,MATCH(INDEX(Stations!$C$2:$C$1000,MATCH(C66,Stations!$A$2:$A$1000,0)),Machines!$A$2:$A$1000,0)),Lines!$A$2:$A$1000,0))&" / "&INDEX(Lines!$B$2:$B$1000,MATCH(INDEX(Machines!$C$2:$C$1000,MATCH(INDEX(Stations!$C$2:$C$1000,MATCH(C66,Stations!$A$2:$A$1000,0)),Machines!$A$2:$A$1000,0)),Lines!$A$2:$A$1000,0))&" / "&INDEX(Machines!$B$2:$B$1000,MATCH(INDEX(Stations!$C$2:$C$1000,MATCH(C66,Stations!$A$2:$A$1000,0)),Machines!$A$2:$A$1000,0))&" / "&INDEX(Stations!$B$2:$B$1000,MATCH(C66,Stations!$A$2:$A$1000,0))&" / "&B66,"check refs")
A67: PR0100 | B67: Blow Time (Recipe) | C67: MC002-BarrierFormingStation | D67: sec (unverified) | E67: Integer | I67: FORMING_BLOW_TIME_RECIPE | J67: =IFERROR(INDEX(Lines!$C$2:$C$1000,MATCH(INDEX(Machines!$C$2:$C$1000,MATCH(INDEX(Stations!$C$2:$C$1000,MATCH(C67,Stations!$A$2:$A$1000,0)),Machines!$A$2:$A$1000,0)),Lines!$A$2:$A$1000,0))&" / "&INDEX(Lines!$B$2:$B$1000,MATCH(INDEX(Machines!$C$2:$C$1000,MATCH(INDEX(Stations!$C$2:$C$1000,MATCH(C67,Stations!$A$2:$A$1000,0)),Machines!$A$2:$A$1000,0)),Lines!$A$2:$A$1000,0))&" / "&INDEX(Machines!$B$2:$B$1000,MATCH(INDEX(Stations!$C$2:$C$1000,MATCH(C67,Stations!$A$2:$A$1000,0)),Machines!$A$2:$A$1000,0))&" / "&INDEX(Stations!$B$2:$B$1000,MATCH(C67,Stations!$A$2:$A$1000,0))&" / "&B67,"check refs")
A68: PR0103 | B68: Forming Pressure Setpoint (Recipe) | C68: MC002-BarrierFormingStation | D68: PSI (unverified) | E68: Float | F68: FORMING_PRESSURE_MIN | G68: FORMING_PRESSURE_MAX | I68: FORMING_PRESSURE_RECIPE_SP | J68: =IFERROR(INDEX(Lines!$C$2:$C$1000,MATCH(INDEX(Machines!$C$2:$C$1000,MATCH(INDEX(Stations!$C$2:$C$1000,MATCH(C68,Stations!$A$2:$A$1000,0)),Machines!$A$2:$A$1000,0)),Lines!$A$2:$A$1000,0))&" / "&INDEX(Lines!$B$2:$B$1000,MATCH(INDEX(Machines!$C$2:$C$1000,MATCH(INDEX(Stations!$C$2:$C$1000,MATCH(C68,Stations!$A$2:$A$1000,0)),Machines!$A$2:$A$1000,0)),Lines!$A$2:$A$1000,0))&" / "&INDEX(Machines!$B$2:$B$1000,MATCH(INDEX(Stations!$C$2:$C$1000,MATCH(C68,Stations!$A$2:$A$1000,0)),Machines!$A$2:$A$1000,0))&" / "&INDEX(Stations!$B$2:$B$1000,MATCH(C68,Stations!$A$2:$A$1000,0))&" / "&B68,"check refs")
A69: PR0104 | B69: Forming Pressure Reject Count | C69: MC002-BarrierFormingStation | E69: Integer | I69: FORMING_PRESSURE_REJECT_CNT | J69: =IFERROR(INDEX(Lines!$C$2:$C$1000,MATCH(INDEX(Machines!$C$2:$C$1000,MATCH(INDEX(Stations!$C$2:$C$1000,MATCH(C69,Stations!$A$2:$A$1000,0)),Machines!$A$2:$A$1000,0)),Lines!$A$2:$A$1000,0))&" / "&INDEX(Lines!$B$2:$B$1000,MATCH(INDEX(Machines!$C$2:$C$1000,MATCH(INDEX(Stations!$C$2:$C$1000,MATCH(C69,Stations!$A$2:$A$1000,0)),Machines!$A$2:$A$1000,0)),Lines!$A$2:$A$1000,0))&" / "&INDEX(Machines!$B$2:$B$1000,MATCH(INDEX(Stations!$C$2:$C$1000,MATCH(C69,Stations!$A$2:$A$1000,0)),Machines!$A$2:$A$1000,0))&" / "&INDEX(Stations!$B$2:$B$1000,MATCH(C69,Stations!$A$2:$A$1000,0))&" / "&B69,"check refs")
A70: PR0105 | B70: Forming Pressure Setpoint - Auto (Display) | C70: MC002-BarrierFormingStation | D70: PSI (unverified) | E70: Float | I70: FORMING_PRESSURE_SP_AUTO_DISPLAY | J70: =IFERROR(INDEX(Lines!$C$2:$C$1000,MATCH(INDEX(Machines!$C$2:$C$1000,MATCH(INDEX(Stations!$C$2:$C$1000,MATCH(C70,Stations!$A$2:$A$1000,0)),Machines!$A$2:$A$1000,0)),Lines!$A$2:$A$1000,0))&" / "&INDEX(Lines!$B$2:$B$1000,MATCH(INDEX(Machines!$C$2:$C$1000,MATCH(INDEX(Stations!$C$2:$C$1000,MATCH(C70,Stations!$A$2:$A$1000,0)),Machines!$A$2:$A$1000,0)),Lines!$A$2:$A$1000,0))&" / "&INDEX(Machines!$B$2:$B$1000,MATCH(INDEX(Stations!$C$2:$C$1000,MATCH(C70,Stations!$A$2:$A$1000,0)),Machines!$A$2:$A$1000,0))&" / "&INDEX(Stations!$B$2:$B$1000,MATCH(C70,Stations!$A$2:$A$1000,0))&" / "&B70,"check refs")
A71: PR0106 | B71: Forming Pressure Setpoint - Manual (Display) | C71: MC002-BarrierFormingStation | D71: PSI (unverified) | E71: Float | I71: FORMING_PRESSURE_SP_MAN_DISPLAY | J71: =IFERROR(INDEX(Lines!$C$2:$C$1000,MATCH(INDEX(Machines!$C$2:$C$1000,MATCH(INDEX(Stations!$C$2:$C$1000,MATCH(C71,Stations!$A$2:$A$1000,0)),Machines!$A$2:$A$1000,0)),Lines!$A$2:$A$1000,0))&" / "&INDEX(Lines!$B$2:$B$1000,MATCH(INDEX(Machines!$C$2:$C$1000,MATCH(INDEX(Stations!$C$2:$C$1000,MATCH(C71,Stations!$A$2:$A$1000,0)),Machines!$A$2:$A$1000,0)),Lines!$A$2:$A$1000,0))&" / "&INDEX(Machines!$B$2:$B$1000,MATCH(INDEX(Stations!$C$2:$C$1000,MATCH(C71,Stations!$A$2:$A$1000,0)),Machines!$A$2:$A$1000,0))&" / "&INDEX(Stations!$B$2:$B$1000,MATCH(C71,Stations!$A$2:$A$1000,0))&" / "&B71,"check refs")
A72: PR0107 | B72: Forming Station Pressure In Tolerance | C72: MC002-BarrierFormingStation | E72: Boolean | I72: FORMING_PRESSURE_OK | J72: =IFERROR(INDEX(Lines!$C$2:$C$1000,MATCH(INDEX(Machines!$C$2:$C$1000,MATCH(INDEX(Stations!$C$2:$C$1000,MATCH(C72,Stations!$A$2:$A$1000,0)),Machines!$A$2:$A$1000,0)),Lines!$A$2:$A$1000,0))&" / "&INDEX(Lines!$B$2:$B$1000,MATCH(INDEX(Machines!$C$2:$C$1000,MATCH(INDEX(Stations!$C$2:$C$1000,MATCH(C72,Stations!$A$2:$A$1000,0)),Machines!$A$2:$A$1000,0)),Lines!$A$2:$A$1000,0))&" / "&INDEX(Machines!$B$2:$B$1000,MATCH(INDEX(Stations!$C$2:$C$1000,MATCH(C72,Stations!$A$2:$A$1000,0)),Machines!$A$2:$A$1000,0))&" / "&INDEX(Stations!$B$2:$B$1000,MATCH(C72,Stations!$A$2:$A$1000,0))&" / "&B72,"check refs")
A73: PR0108 | B73: Punch Incomplete Cycle Reject Count | C73: MC002-BarrierPunchStation | E73: Integer | I73: PUNCH_INC_CYCLE_REJECT_CNT | J73: =IFERROR(INDEX(Lines!$C$2:$C$1000,MATCH(INDEX(Machines!$C$2:$C$1000,MATCH(INDEX(Stations!$C$2:$C$1000,MATCH(C73,Stations!$A$2:$A$1000,0)),Machines!$A$2:$A$1000,0)),Lines!$A$2:$A$1000,0))&" / "&INDEX(Lines!$B$2:$B$1000,MATCH(INDEX(Machines!$C$2:$C$1000,MATCH(INDEX(Stations!$C$2:$C$1000,MATCH(C73,Stations!$A$2:$A$1000,0)),Machines!$A$2:$A$1000,0)),Lines!$A$2:$A$1000,0))&" / "&INDEX(Machines!$B$2:$B$1000,MATCH(INDEX(Stations!$C$2:$C$1000,MATCH(C73,Stations!$A$2:$A$1000,0)),Machines!$A$2:$A$1000,0))&" / "&INDEX(Stations!$B$2:$B$1000,MATCH(C73,Stations!$A$2:$A$1000,0))&" / "&B73,"check refs")
A74: PR0109 | B74: Moon Blow Required (Recipe) | C74: MC002-BarrierPunchStation | E74: Boolean | I74: PUNCH_MOON_BLOW_REQ_RECIPE | J74: =IFERROR(INDEX(Lines!$C$2:$C$1000,MATCH(INDEX(Machines!$C$2:$C$1000,MATCH(INDEX(Stations!$C$2:$C$1000,MATCH(C74,Stations!$A$2:$A$1000,0)),Machines!$A$2:$A$1000,0)),Lines!$A$2:$A$1000,0))&" / "&INDEX(Lines!$B$2:$B$1000,MATCH(INDEX(Machines!$C$2:$C$1000,MATCH(INDEX(Stations!$C$2:$C$1000,MATCH(C74,Stations!$A$2:$A$1000,0)),Machines!$A$2:$A$1000,0)),Lines!$A$2:$A$1000,0))&" / "&INDEX(Machines!$B$2:$B$1000,MATCH(INDEX(Stations!$C$2:$C$1000,MATCH(C74,Stations!$A$2:$A$1000,0)),Machines!$A$2:$A$1000,0))&" / "&INDEX(Stations!$B$2:$B$1000,MATCH(C74,Stations!$A$2:$A$1000,0))&" / "&B74,"check refs")
A75: PR0110 | B75: Moon Blow Required (Recipe Loaded) | C75: MC002-BarrierPunchStation | E75: Boolean | I75: PUNCH_MOON_BLOW_REQ_RECIPE_LOADED | J75: =IFERROR(INDEX(Lines!$C$2:$C$1000,MATCH(INDEX(Machines!$C$2:$C$1000,MATCH(INDEX(Stations!$C$2:$C$1000,MATCH(C75,Stations!$A$2:$A$1000,0)),Machines!$A$2:$A$1000,0)),Lines!$A$2:$A$1000,0))&" / "&INDEX(Lines!$B$2:$B$1000,MATCH(INDEX(Machines!$C$2:$C$1000,MATCH(INDEX(Stations!$C$2:$C$1000,MATCH(C75,Stations!$A$2:$A$1000,0)),Machines!$A$2:$A$1000,0)),Lines!$A$2:$A$1000,0))&" / "&INDEX(Machines!$B$2:$B$1000,MATCH(INDEX(Stations!$C$2:$C$1000,MATCH(C75,Stations!$A$2:$A$1000,0)),Machines!$A$2:$A$1000,0))&" / "&INDEX(Stations!$B$2:$B$1000,MATCH(C75,Stations!$A$2:$A$1000,0))&" / "&B75,"check refs")
A76: PR0111 | B76: Printing Incomplete Cycle Reject Count | C76: MC002-BarrierPrintStation | E76: Integer | I76: PRINT_INC_CYCLE_REJECT_CNT | J76: =IFERROR(INDEX(Lines!$C$2:$C$1000,MATCH(INDEX(Machines!$C$2:$C$1000,MATCH(INDEX(Stations!$C$2:$C$1000,MATCH(C76,Stations!$A$2:$A$1000,0)),Machines!$A$2:$A$1000,0)),Lines!$A$2:$A$1000,0))&" / "&INDEX(Lines!$B$2:$B$1000,MATCH(INDEX(Machines!$C$2:$C$1000,MATCH(INDEX(Stations!$C$2:$C$1000,MATCH(C76,Stations!$A$2:$A$1000,0)),Machines!$A$2:$A$1000,0)),Lines!$A$2:$A$1000,0))&" / "&INDEX(Machines!$B$2:$B$1000,MATCH(INDEX(Stations!$C$2:$C$1000,MATCH(C76,Stations!$A$2:$A$1000,0)),Machines!$A$2:$A$1000,0))&" / "&INDEX(Stations!$B$2:$B$1000,MATCH(C76,Stations!$A$2:$A$1000,0))&" / "&B76,"check refs")
A77: PR0112 | B77: Barrier Printing Required (Recipe) | C77: MC002-BarrierPrintStation | E77: Boolean | I77: PRINT_REQUIRED_RECIPE | J77: =IFERROR(INDEX(Lines!$C$2:$C$1000,MATCH(INDEX(Machines!$C$2:$C$1000,MATCH(INDEX(Stations!$C$2:$C$1000,MATCH(C77,Stations!$A$2:$A$1000,0)),Machines!$A$2:$A$1000,0)),Lines!$A$2:$A$1000,0))&" / "&INDEX(Lines!$B$2:$B$1000,MATCH(INDEX(Machines!$C$2:$C$1000,MATCH(INDEX(Stations!$C$2:$C$1000,MATCH(C77,Stations!$A$2:$A$1000,0)),Machines!$A$2:$A$1000,0)),Lines!$A$2:$A$1000,0))&" / "&INDEX(Machines!$B$2:$B$1000,MATCH(INDEX(Stations!$C$2:$C$1000,MATCH(C77,Stations!$A$2:$A$1000,0)),Machines!$A$2:$A$1000,0))&" / "&INDEX(Stations!$B$2:$B$1000,MATCH(C77,Stations!$A$2:$A$1000,0))&" / "&B77,"check refs")
A78: PR0113 | B78: Barrier Printing Required (Recipe Loaded) | C78: MC002-BarrierPrintStation | E78: Boolean | I78: PRINT_REQUIRED_RECIPE_LOADED | J78: =IFERROR(INDEX(Lines!$C$2:$C$1000,MATCH(INDEX(Machines!$C$2:$C$1000,MATCH(INDEX(Stations!$C$2:$C$1000,MATCH(C78,Stations!$A$2:$A$1000,0)),Machines!$A$2:$A$1000,0)),Lines!$A$2:$A$1000,0))&" / "&INDEX(Lines!$B$2:$B$1000,MATCH(INDEX(Machines!$C$2:$C$1000,MATCH(INDEX(Stations!$C$2:$C$1000,MATCH(C78,Stations!$A$2:$A$1000,0)),Machines!$A$2:$A$1000,0)),Lines!$A$2:$A$1000,0))&" / "&INDEX(Machines!$B$2:$B$1000,MATCH(INDEX(Stations!$C$2:$C$1000,MATCH(C78,Stations!$A$2:$A$1000,0)),Machines!$A$2:$A$1000,0))&" / "&INDEX(Stations!$B$2:$B$1000,MATCH(C78,Stations!$A$2:$A$1000,0))&" / "&B78,"check refs")
A79: PR0114 | B79: Infeed Conveyor 1 Fast Speed | C79: MC002-BagInfeedConveyor | D79: Hz (unverified) | E79: Integer | I79: INFEED_CONV1_FAST_SPEED_HZ | J79: =IFERROR(INDEX(Lines!$C$2:$C$1000,MATCH(INDEX(Machines!$C$2:$C$1000,MATCH(INDEX(Stations!$C$2:$C$1000,MATCH(C79,Stations!$A$2:$A$1000,0)),Machines!$A$2:$A$1000,0)),Lines!$A$2:$A$1000,0))&" / "&INDEX(Lines!$B$2:$B$1000,MATCH(INDEX(Machines!$C$2:$C$1000,MATCH(INDEX(Stations!$C$2:$C$1000,MATCH(C79,Stations!$A$2:$A$1000,0)),Machines!$A$2:$A$1000,0)),Lines!$A$2:$A$1000,0))&" / "&INDEX(Machines!$B$2:$B$1000,MATCH(INDEX(Stations!$C$2:$C$1000,MATCH(C79,Stations!$A$2:$A$1000,0)),Machines!$A$2:$A$1000,0))&" / "&INDEX(Stations!$B$2:$B$1000,MATCH(C79,Stations!$A$2:$A$1000,0))&" / "&B79,"check refs")
A80: PR0115 | B80: Infeed Conveyor 1 Slow Speed | C80: MC002-BagInfeedConveyor | D80: Hz (unverified) | E80: Integer | I80: INFEED_CONV1_SLOW_SPEED_HZ | J80: =IFERROR(INDEX(Lines!$C$2:$C$1000,MATCH(INDEX(Machines!$C$2:$C$1000,MATCH(INDEX(Stations!$C$2:$C$1000,MATCH(C80,Stations!$A$2:$A$1000,0)),Machines!$A$2:$A$1000,0)),Lines!$A$2:$A$1000,0))&" / "&INDEX(Lines!$B$2:$B$1000,MATCH(INDEX(Machines!$C$2:$C$1000,MATCH(INDEX(Stations!$C$2:$C$1000,MATCH(C80,Stations!$A$2:$A$1000,0)),Machines!$A$2:$A$1000,0)),Lines!$A$2:$A$1000,0))&" / "&INDEX(Machines!$B$2:$B$1000,MATCH(INDEX(Stations!$C$2:$C$1000,MATCH(C80,Stations!$A$2:$A$1000,0)),Machines!$A$2:$A$1000,0))&" / "&INDEX(Stations!$B$2:$B$1000,MATCH(C80,Stations!$A$2:$A$1000,0))&" / "&B80,"check refs")
A81: PR0116 | B81: Bag Type (Recipe Loaded) | C81: MC002-BagLoadRobot | E81: Integer | I81: R1_BAG_TYPE_RECIPE_LOADED | J81: =IFERROR(INDEX(Lines!$C$2:$C$1000,MATCH(INDEX(Machines!$C$2:$C$1000,MATCH(INDEX(Stations!$C$2:$C$1000,MATCH(C81,Stations!$A$2:$A$1000,0)),Machines!$A$2:$A$1000,0)),Lines!$A$2:$A$1000,0))&" / "&INDEX(Lines!$B$2:$B$1000,MATCH(INDEX(Machines!$C$2:$C$1000,MATCH(INDEX(Stations!$C$2:$C$1000,MATCH(C81,Stations!$A$2:$A$1000,0)),Machines!$A$2:$A$1000,0)),Lines!$A$2:$A$1000,0))&" / "&INDEX(Machines!$B$2:$B$1000,MATCH(INDEX(Stations!$C$2:$C$1000,MATCH(C81,Stations!$A$2:$A$1000,0)),Machines!$A$2:$A$1000,0))&" / "&INDEX(Stations!$B$2:$B$1000,MATCH(C81,Stations!$A$2:$A$1000,0))&" / "&B81,"check refs")
A82: PR0117 | B82: Gripper Diameter Delta - Rigid Bags | C82: MC002-BagLoadRobot | D82: in (unverified) | E82: Float | I82: R1_GRIPPER_DIA_DELTA_RIGID | J82: =IFERROR(INDEX(Lines!$C$2:$C$1000,MATCH(INDEX(Machines!$C$2:$C$1000,MATCH(INDEX(Stations!$C$2:$C$1000,MATCH(C82,Stations!$A$2:$A$1000,0)),Machines!$A$2:$A$1000,0)),Lines!$A$2:$A$1000,0))&" / "&INDEX(Lines!$B$2:$B$1000,MATCH(INDEX(Machines!$C$2:$C$1000,MATCH(INDEX(Stations!$C$2:$C$1000,MATCH(C82,Stations!$A$2:$A$1000,0)),Machines!$A$2:$A$1000,0)),Lines!$A$2:$A$1000,0))&" / "&INDEX(Machines!$B$2:$B$1000,MATCH(INDEX(Stations!$C$2:$C$1000,MATCH(C82,Stations!$A$2:$A$1000,0)),Machines!$A$2:$A$1000,0))&" / "&INDEX(Stations!$B$2:$B$1000,MATCH(C82,Stations!$A$2:$A$1000,0))&" / "&B82,"check refs")
A83: PR0118 | B83: Gripper Diameter Delta - Soft-N-Flexible Bags | C83: MC002-BagLoadRobot | D83: in (unverified) | E83: Float | I83: R1_GRIPPER_DIA_DELTA_SNF | J83: =IFERROR(INDEX(Lines!$C$2:$C$1000,MATCH(INDEX(Machines!$C$2:$C$1000,MATCH(INDEX(Stations!$C$2:$C$1000,MATCH(C83,Stations!$A$2:$A$1000,0)),Machines!$A$2:$A$1000,0)),Lines!$A$2:$A$1000,0))&" / "&INDEX(Lines!$B$2:$B$1000,MATCH(INDEX(Machines!$C$2:$C$1000,MATCH(INDEX(Stations!$C$2:$C$1000,MATCH(C83,Stations!$A$2:$A$1000,0)),Machines!$A$2:$A$1000,0)),Lines!$A$2:$A$1000,0))&" / "&INDEX(Machines!$B$2:$B$1000,MATCH(INDEX(Stations!$C$2:$C$1000,MATCH(C83,Stations!$A$2:$A$1000,0)),Machines!$A$2:$A$1000,0))&" / "&INDEX(Stations!$B$2:$B$1000,MATCH(C83,Stations!$A$2:$A$1000,0))&" / "&B83,"check refs")
A84: PR0119 | B84: Gripper Minimum Closed Diameter | C84: MC002-BagLoadRobot | D84: in (unverified) | E84: Float | I84: R1_GRIPPER_DIA_MIN | J84: =IFERROR(INDEX(Lines!$C$2:$C$1000,MATCH(INDEX(Machines!$C$2:$C$1000,MATCH(INDEX(Stations!$C$2:$C$1000,MATCH(C84,Stations!$A$2:$A$1000,0)),Machines!$A$2:$A$1000,0)),Lines!$A$2:$A$1000,0))&" / "&INDEX(Lines!$B$2:$B$1000,MATCH(INDEX(Machines!$C$2:$C$1000,MATCH(INDEX(Stations!$C$2:$C$1000,MATCH(C84,Stations!$A$2:$A$1000,0)),Machines!$A$2:$A$1000,0)),Lines!$A$2:$A$1000,0))&" / "&INDEX(Machines!$B$2:$B$1000,MATCH(INDEX(Stations!$C$2:$C$1000,MATCH(C84,Stations!$A$2:$A$1000,0)),Machines!$A$2:$A$1000,0))&" / "&INDEX(Stations!$B$2:$B$1000,MATCH(C84,Stations!$A$2:$A$1000,0))&" / "&B84,"check refs")
A85: PR0120 | B85: Gripper Diameter (Recipe) | C85: MC002-BagLoadRobot | D85: in (unverified) | E85: Float | I85: R1_GRIPPER_DIA_RECIPE | J85: =IFERROR(INDEX(Lines!$C$2:$C$1000,MATCH(INDEX(Machines!$C$2:$C$1000,MATCH(INDEX(Stations!$C$2:$C$1000,MATCH(C85,Stations!$A$2:$A$1000,0)),Machines!$A$2:$A$1000,0)),Lines!$A$2:$A$1000,0))&" / "&INDEX(Lines!$B$2:$B$1000,MATCH(INDEX(Machines!$C$2:$C$1000,MATCH(INDEX(Stations!$C$2:$C$1000,MATCH(C85,Stations!$A$2:$A$1000,0)),Machines!$A$2:$A$1000,0)),Lines!$A$2:$A$1000,0))&" / "&INDEX(Machines!$B$2:$B$1000,MATCH(INDEX(Stations!$C$2:$C$1000,MATCH(C85,Stations!$A$2:$A$1000,0)),Machines!$A$2:$A$1000,0))&" / "&INDEX(Stations!$B$2:$B$1000,MATCH(C85,Stations!$A$2:$A$1000,0))&" / "&B85,"check refs")
A86: PR0121 | B86: Gripper Diameter - Released Position | C86: MC002-BagLoadRobot | D86: in (unverified) | E86: Float | I86: R1_GRIPPER_DIA_REL | J86: =IFERROR(INDEX(Lines!$C$2:$C$1000,MATCH(INDEX(Machines!$C$2:$C$1000,MATCH(INDEX(Stations!$C$2:$C$1000,MATCH(C86,Stations!$A$2:$A$1000,0)),Machines!$A$2:$A$1000,0)),Lines!$A$2:$A$1000,0))&" / "&INDEX(Lines!$B$2:$B$1000,MATCH(INDEX(Machines!$C$2:$C$1000,MATCH(INDEX(Stations!$C$2:$C$1000,MATCH(C86,Stations!$A$2:$A$1000,0)),Machines!$A$2:$A$1000,0)),Lines!$A$2:$A$1000,0))&" / "&INDEX(Machines!$B$2:$B$1000,MATCH(INDEX(Stations!$C$2:$C$1000,MATCH(C86,Stations!$A$2:$A$1000,0)),Machines!$A$2:$A$1000,0))&" / "&INDEX(Stations!$B$2:$B$1000,MATCH(C86,Stations!$A$2:$A$1000,0))&" / "&B86,"check refs")
A87: PR0122 | B87: Gripper Forward Speed | C87: MC002-BagLoadRobot | E87: Integer | I87: R1_GRIPPER_FWD_SPEED_PB | J87: =IFERROR(INDEX(Lines!$C$2:$C$1000,MATCH(INDEX(Machines!$C$2:$C$1000,MATCH(INDEX(Stations!$C$2:$C$1000,MATCH(C87,Stations!$A$2:$A$1000,0)),Machines!$A$2:$A$1000,0)),Lines!$A$2:$A$1000,0))&" / "&INDEX(Lines!$B$2:$B$1000,MATCH(INDEX(Machines!$C$2:$C$1000,MATCH(INDEX(Stations!$C$2:$C$1000,MATCH(C87,Stations!$A$2:$A$1000,0)),Machines!$A$2:$A$1000,0)),Lines!$A$2:$A$1000,0))&" / "&INDEX(Machines!$B$2:$B$1000,MATCH(INDEX(Stations!$C$2:$C$1000,MATCH(C87,Stations!$A$2:$A$1000,0)),Machines!$A$2:$A$1000,0))&" / "&INDEX(Stations!$B$2:$B$1000,MATCH(C87,Stations!$A$2:$A$1000,0))&" / "&B87,"check refs")
A88: PR0123 | B88: Glue Gun Inactivity Time | C88: MC002-GlueStation | D88: min (unverified) | E88: Integer | I88: GLUE_GUN_INACTIVITY_TIME | J88: =IFERROR(INDEX(Lines!$C$2:$C$1000,MATCH(INDEX(Machines!$C$2:$C$1000,MATCH(INDEX(Stations!$C$2:$C$1000,MATCH(C88,Stations!$A$2:$A$1000,0)),Machines!$A$2:$A$1000,0)),Lines!$A$2:$A$1000,0))&" / "&INDEX(Lines!$B$2:$B$1000,MATCH(INDEX(Machines!$C$2:$C$1000,MATCH(INDEX(Stations!$C$2:$C$1000,MATCH(C88,Stations!$A$2:$A$1000,0)),Machines!$A$2:$A$1000,0)),Lines!$A$2:$A$1000,0))&" / "&INDEX(Machines!$B$2:$B$1000,MATCH(INDEX(Stations!$C$2:$C$1000,MATCH(C88,Stations!$A$2:$A$1000,0)),Machines!$A$2:$A$1000,0))&" / "&INDEX(Stations!$B$2:$B$1000,MATCH(C88,Stations!$A$2:$A$1000,0))&" / "&B88,"check refs")
A89: PR0124 | B89: Glue Gun Purge Time | C89: MC002-GlueStation | D89: sec (unverified) | E89: Integer | I89: GLUE_GUN_PURGE_TIME | J89: =IFERROR(INDEX(Lines!$C$2:$C$1000,MATCH(INDEX(Machines!$C$2:$C$1000,MATCH(INDEX(Stations!$C$2:$C$1000,MATCH(C89,Stations!$A$2:$A$1000,0)),Machines!$A$2:$A$1000,0)),Lines!$A$2:$A$1000,0))&" / "&INDEX(Lines!$B$2:$B$1000,MATCH(INDEX(Machines!$C$2:$C$1000,MATCH(INDEX(Stations!$C$2:$C$1000,MATCH(C89,Stations!$A$2:$A$1000,0)),Machines!$A$2:$A$1000,0)),Lines!$A$2:$A$1000,0))&" / "&INDEX(Machines!$B$2:$B$1000,MATCH(INDEX(Stations!$C$2:$C$1000,MATCH(C89,Stations!$A$2:$A$1000,0)),Machines!$A$2:$A$1000,0))&" / "&INDEX(Stations!$B$2:$B$1000,MATCH(C89,Stations!$A$2:$A$1000,0))&" / "&B89,"check refs")
A90: PR0125 | B90: Glue Incomplete Cycle Reject Count | C90: MC002-GlueStation | E90: Integer | I90: GLUE_INC_CYCLE_REJECT_CNT | J90: =IFERROR(INDEX(Lines!$C$2:$C$1000,MATCH(INDEX(Machines!$C$2:$C$1000,MATCH(INDEX(Stations!$C$2:$C$1000,MATCH(C90,Stations!$A$2:$A$1000,0)),Machines!$A$2:$A$1000,0)),Lines!$A$2:$A$1000,0))&" / "&INDEX(Lines!$B$2:$B$1000,MATCH(INDEX(Machines!$C$2:$C$1000,MATCH(INDEX(Stations!$C$2:$C$1000,MATCH(C90,Stations!$A$2:$A$1000,0)),Machines!$A$2:$A$1000,0)),Lines!$A$2:$A$1000,0))&" / "&INDEX(Machines!$B$2:$B$1000,MATCH(INDEX(Stations!$C$2:$C$1000,MATCH(C90,Stations!$A$2:$A$1000,0)),Machines!$A$2:$A$1000,0))&" / "&INDEX(Stations!$B$2:$B$1000,MATCH(C90,Stations!$A$2:$A$1000,0))&" / "&B90,"check refs")
A91: PR0126 | B91: Glue Input Side Pressure (Display) | C91: MC002-GlueStation | D91: PSI (unverified) | E91: Float | I91: GLUE_IN_PRESSURE_DISPLAY | J91: =IFERROR(INDEX(Lines!$C$2:$C$1000,MATCH(INDEX(Machines!$C$2:$C$1000,MATCH(INDEX(Stations!$C$2:$C$1000,MATCH(C91,Stations!$A$2:$A$1000,0)),Machines!$A$2:$A$1000,0)),Lines!$A$2:$A$1000,0))&" / "&INDEX(Lines!$B$2:$B$1000,MATCH(INDEX(Machines!$C$2:$C$1000,MATCH(INDEX(Stations!$C$2:$C$1000,MATCH(C91,Stations!$A$2:$A$1000,0)),Machines!$A$2:$A$1000,0)),Lines!$A$2:$A$1000,0))&" / "&INDEX(Machines!$B$2:$B$1000,MATCH(INDEX(Stations!$C$2:$C$1000,MATCH(C91,Stations!$A$2:$A$1000,0)),Machines!$A$2:$A$1000,0))&" / "&INDEX(Stations!$B$2:$B$1000,MATCH(C91,Stations!$A$2:$A$1000,0))&" / "&B91,"check refs")
A92: PR0127 | B92: Glue Melter Inactivity Timer | C92: MC002-GlueStation | D92: min (unverified) | E92: Integer | I92: GLUE_MELT_INACTIVE_TIME_PB | J92: =IFERROR(INDEX(Lines!$C$2:$C$1000,MATCH(INDEX(Machines!$C$2:$C$1000,MATCH(INDEX(Stations!$C$2:$C$1000,MATCH(C92,Stations!$A$2:$A$1000,0)),Machines!$A$2:$A$1000,0)),Lines!$A$2:$A$1000,0))&" / "&INDEX(Lines!$B$2:$B$1000,MATCH(INDEX(Machines!$C$2:$C$1000,MATCH(INDEX(Stations!$C$2:$C$1000,MATCH(C92,Stations!$A$2:$A$1000,0)),Machines!$A$2:$A$1000,0)),Lines!$A$2:$A$1000,0))&" / "&INDEX(Machines!$B$2:$B$1000,MATCH(INDEX(Stations!$C$2:$C$1000,MATCH(C92,Stations!$A$2:$A$1000,0)),Machines!$A$2:$A$1000,0))&" / "&INDEX(Stations!$B$2:$B$1000,MATCH(C92,Stations!$A$2:$A$1000,0))&" / "&B92,"check refs")
A93: PR0128 | B93: Glue Open Time Reject Count | C93: MC002-GlueStation | E93: Integer | I93: GLUE_OPEN_TIME_REJECT_CNT | J93: =IFERROR(INDEX(Lines!$C$2:$C$1000,MATCH(INDEX(Machines!$C$2:$C$1000,MATCH(INDEX(Stations!$C$2:$C$1000,MATCH(C93,Stations!$A$2:$A$1000,0)),Machines!$A$2:$A$1000,0)),Lines!$A$2:$A$1000,0))&" / "&INDEX(Lines!$B$2:$B$1000,MATCH(INDEX(Machines!$C$2:$C$1000,MATCH(INDEX(Stations!$C$2:$C$1000,MATCH(C93,Stations!$A$2:$A$1000,0)),Machines!$A$2:$A$1000,0)),Lines!$A$2:$A$1000,0))&" / "&INDEX(Machines!$B$2:$B$1000,MATCH(INDEX(Stations!$C$2:$C$1000,MATCH(C93,Stations!$A$2:$A$1000,0)),Machines!$A$2:$A$1000,0))&" / "&INDEX(Stations!$B$2:$B$1000,MATCH(C93,Stations!$A$2:$A$1000,0))&" / "&B93,"check refs")
A94: PR0129 | B94: Glue Output Side Raw Pressure | C94: MC002-GlueStation | E94: Integer | I94: GLUE_OUT_PRESSURE | J94: =IFERROR(INDEX(Lines!$C$2:$C$1000,MATCH(INDEX(Machines!$C$2:$C$1000,MATCH(INDEX(Stations!$C$2:$C$1000,MATCH(C94,Stations!$A$2:$A$1000,0)),Machines!$A$2:$A$1000,0)),Lines!$A$2:$A$1000,0))&" / "&INDEX(Lines!$B$2:$B$1000,MATCH(INDEX(Machines!$C$2:$C$1000,MATCH(INDEX(Stations!$C$2:$C$1000,MATCH(C94,Stations!$A$2:$A$1000,0)),Machines!$A$2:$A$1000,0)),Lines!$A$2:$A$1000,0))&" / "&INDEX(Machines!$B$2:$B$1000,MATCH(INDEX(Stations!$C$2:$C$1000,MATCH(C94,Stations!$A$2:$A$1000,0)),Machines!$A$2:$A$1000,0))&" / "&INDEX(Stations!$B$2:$B$1000,MATCH(C94,Stations!$A$2:$A$1000,0))&" / "&B94,"check refs")
A95: PR0130 | B95: Glue Output Side Pressure Offset Adjustment | C95: MC002-GlueStation | D95: PSI (unverified) | E95: Float | I95: GLUE_OUT_PRESSURE_ADJ | J95: =IFERROR(INDEX(Lines!$C$2:$C$1000,MATCH(INDEX(Machines!$C$2:$C$1000,MATCH(INDEX(Stations!$C$2:$C$1000,MATCH(C95,Stations!$A$2:$A$1000,0)),Machines!$A$2:$A$1000,0)),Lines!$A$2:$A$1000,0))&" / "&INDEX(Lines!$B$2:$B$1000,MATCH(INDEX(Machines!$C$2:$C$1000,MATCH(INDEX(Stations!$C$2:$C$1000,MATCH(C95,Stations!$A$2:$A$1000,0)),Machines!$A$2:$A$1000,0)),Lines!$A$2:$A$1000,0))&" / "&INDEX(Machines!$B$2:$B$1000,MATCH(INDEX(Stations!$C$2:$C$1000,MATCH(C95,Stations!$A$2:$A$1000,0)),Machines!$A$2:$A$1000,0))&" / "&INDEX(Stations!$B$2:$B$1000,MATCH(C95,Stations!$A$2:$A$1000,0))&" / "&B95,"check refs")
A96: PR0131 | B96: Glue Output Side Pressure (Display) | C96: MC002-GlueStation | D96: PSI (unverified) | E96: Float | I96: GLUE_OUT_PRESSURE_DISPLAY | J96: =IFERROR(INDEX(Lines!$C$2:$C$1000,MATCH(INDEX(Machines!$C$2:$C$1000,MATCH(INDEX(Stations!$C$2:$C$1000,MATCH(C96,Stations!$A$2:$A$1000,0)),Machines!$A$2:$A$1000,0)),Lines!$A$2:$A$1000,0))&" / "&INDEX(Lines!$B$2:$B$1000,MATCH(INDEX(Machines!$C$2:$C$1000,MATCH(INDEX(Stations!$C$2:$C$1000,MATCH(C96,Stations!$A$2:$A$1000,0)),Machines!$A$2:$A$1000,0)),Lines!$A$2:$A$1000,0))&" / "&INDEX(Machines!$B$2:$B$1000,MATCH(INDEX(Stations!$C$2:$C$1000,MATCH(C96,Stations!$A$2:$A$1000,0)),Machines!$A$2:$A$1000,0))&" / "&INDEX(Stations!$B$2:$B$1000,MATCH(C96,Stations!$A$2:$A$1000,0))&" / "&B96,"check refs")
A97: PR0132 | B97: Glue Output Side Max Allowable Pressure | C97: MC002-GlueStation | D97: PSI (unverified) | E97: Integer | I97: GLUE_OUT_PRESSURE_MAX | J97: =IFERROR(INDEX(Lines!$C$2:$C$1000,MATCH(INDEX(Machines!$C$2:$C$1000,MATCH(INDEX(Stations!$C$2:$C$1000,MATCH(C97,Stations!$A$2:$A$1000,0)),Machines!$A$2:$A$1000,0)),Lines!$A$2:$A$1000,0))&" / "&INDEX(Lines!$B$2:$B$1000,MATCH(INDEX(Machines!$C$2:$C$1000,MATCH(INDEX(Stations!$C$2:$C$1000,MATCH(C97,Stations!$A$2:$A$1000,0)),Machines!$A$2:$A$1000,0)),Lines!$A$2:$A$1000,0))&" / "&INDEX(Machines!$B$2:$B$1000,MATCH(INDEX(Stations!$C$2:$C$1000,MATCH(C97,Stations!$A$2:$A$1000,0)),Machines!$A$2:$A$1000,0))&" / "&INDEX(Stations!$B$2:$B$1000,MATCH(C97,Stations!$A$2:$A$1000,0))&" / "&B97,"check refs")
A98: PR0133 | B98: Glue Output Side Pressure Max Allowed | C98: MC002-GlueStation | D98: PSI (unverified) | E98: Float | I98: GLUE_OUT_PRESSURE_MAX_ALLOWED | J98: =IFERROR(INDEX(Lines!$C$2:$C$1000,MATCH(INDEX(Machines!$C$2:$C$1000,MATCH(INDEX(Stations!$C$2:$C$1000,MATCH(C98,Stations!$A$2:$A$1000,0)),Machines!$A$2:$A$1000,0)),Lines!$A$2:$A$1000,0))&" / "&INDEX(Lines!$B$2:$B$1000,MATCH(INDEX(Machines!$C$2:$C$1000,MATCH(INDEX(Stations!$C$2:$C$1000,MATCH(C98,Stations!$A$2:$A$1000,0)),Machines!$A$2:$A$1000,0)),Lines!$A$2:$A$1000,0))&" / "&INDEX(Machines!$B$2:$B$1000,MATCH(INDEX(Stations!$C$2:$C$1000,MATCH(C98,Stations!$A$2:$A$1000,0)),Machines!$A$2:$A$1000,0))&" / "&INDEX(Stations!$B$2:$B$1000,MATCH(C98,Stations!$A$2:$A$1000,0))&" / "&B98,"check refs")
A99: PR0134 | B99: Glue Output Side Min Allowable Pressure | C99: MC002-GlueStation | D99: PSI (unverified) | E99: Integer | I99: GLUE_OUT_PRESSURE_MIN | J99: =IFERROR(INDEX(Lines!$C$2:$C$1000,MATCH(INDEX(Machines!$C$2:$C$1000,MATCH(INDEX(Stations!$C$2:$C$1000,MATCH(C99,Stations!$A$2:$A$1000,0)),Machines!$A$2:$A$1000,0)),Lines!$A$2:$A$1000,0))&" / "&INDEX(Lines!$B$2:$B$1000,MATCH(INDEX(Machines!$C$2:$C$1000,MATCH(INDEX(Stations!$C$2:$C$1000,MATCH(C99,Stations!$A$2:$A$1000,0)),Machines!$A$2:$A$1000,0)),Lines!$A$2:$A$1000,0))&" / "&INDEX(Machines!$B$2:$B$1000,MATCH(INDEX(Stations!$C$2:$C$1000,MATCH(C99,Stations!$A$2:$A$1000,0)),Machines!$A$2:$A$1000,0))&" / "&INDEX(Stations!$B$2:$B$1000,MATCH(C99,Stations!$A$2:$A$1000,0))&" / "&B99,"check refs")
A100: PR0135 | B100: Glue Output Side Pressure Min Allowed | C100: MC002-GlueStation | D100: PSI (unverified) | E100: Float | I100: GLUE_OUT_PRESSURE_MIN_ALLOWED | J100: =IFERROR(INDEX(Lines!$C$2:$C$1000,MATCH(INDEX(Machines!$C$2:$C$1000,MATCH(INDEX(Stations!$C$2:$C$1000,MATCH(C100,Stations!$A$2:$A$1000,0)),Machines!$A$2:$A$1000,0)),Lines!$A$2:$A$1000,0))&" / "&INDEX(Lines!$B$2:$B$1000,MATCH(INDEX(Machines!$C$2:$C$1000,MATCH(INDEX(Stations!$C$2:$C$1000,MATCH(C100,Stations!$A$2:$A$1000,0)),Machines!$A$2:$A$1000,0)),Lines!$A$2:$A$1000,0))&" / "&INDEX(Machines!$B$2:$B$1000,MATCH(INDEX(Stations!$C$2:$C$1000,MATCH(C100,Stations!$A$2:$A$1000,0)),Machines!$A$2:$A$1000,0))&" / "&INDEX(Stations!$B$2:$B$1000,MATCH(C100,Stations!$A$2:$A$1000,0))&" / "&B100,"check refs")
...
